Id,Class
0,C
1,A
2,A
3,A
4,I
5,A
6,A
7,A
8,E
9,E
10,A
11,K
12,G
13,A
14,E
15,F
16,A
17,A
18,D
19,I
20,I
21,A
22,A
23,E
24,D
25,I
26,K
27,A
28,A
29,I
30,A
31,G
32,L
33,K
34,F
35,K
36,K
37,I
38,A
39,A
40,K
41,K
42,E
43,A
44,A
45,A
46,A
47,I
48,F
49,A
50,E
51,C
52,A
53,E
54,K
55,G
56,E
57,A
58,F
59,A
60,A
61,A
62,A
63,A
64,A
65,A
66,K
67,A
68,H
69,A
70,K
71,A
72,G
73,K
74,A
75,E
76,I
77,A
78,A
79,I
80,F
81,A
82,A
83,F
84,A
85,I
86,H
87,G
88,H
89,E
90,A
91,F
92,A
93,D
94,E
95,A
96,C
97,D
98,I
99,A
100,A
101,A
102,A
103,G
104,G
105,A
106,E
107,E
108,G
109,F
110,A
111,A
112,I
113,I
114,E
115,L
116,A
117,H
118,A
119,A
120,D
121,I
122,A
123,K
124,E
125,F
126,A
127,A
128,K
129,C
130,D
131,E
132,I
133,A
134,H
135,E
136,F
137,K
138,D
139,A
140,A
141,A
142,F
143,A
144,E
145,A
146,A
147,E
148,A
149,A
150,A
151,A
152,F
153,E
154,D
155,A
156,A
157,D
158,K
159,G
160,E
161,K
162,E
163,E
164,H
165,A
166,K
167,A
168,A
169,K
170,L
171,A
172,A
173,I
174,L
175,A
176,E
177,F
178,A
179,K
180,I
181,A
182,H
183,F
184,K
185,A
186,K
187,A
188,A
189,A
190,C
191,F
192,K
193,D
194,I
195,A
196,F
197,I
198,G
199,A
200,A
201,A
202,K
203,A
204,I
205,K
206,G
207,E
208,E
209,I
210,E
211,A
212,A
213,K
214,I
215,A
216,J
217,A
218,E
219,I
220,A
221,K
222,A
223,E
224,F
225,K
226,A
227,A
228,A
229,A
230,K
231,K
232,E
233,A
234,I
235,A
236,A
237,A
238,A
239,I
240,E
241,A
242,K
243,I
244,A
245,E
246,A
247,I
248,A
249,K
250,I
251,E
252,E
253,I
254,A
255,E
256,A
257,H
258,E
259,E
260,E
261,A
262,I
263,F
264,A
265,F
266,A
267,I
268,E
269,G
270,E
271,A
272,A
273,A
274,E
275,F
276,H
277,G
278,A
279,A
280,I
281,A
282,D
283,A
284,A
285,A
286,F
287,A
288,A
289,K
290,A
291,A
292,E
293,A
294,A
295,F
296,A
297,F
298,A
299,L
300,H
301,G
302,I
303,I
304,A
305,H
306,F
307,E
308,A
309,I
310,A
311,H
312,F
313,F
314,A
315,A
316,F
317,E
318,D
319,G
320,A
321,K
322,F
323,A
324,A
325,A
326,F
327,E
328,A
329,A
330,H
331,A
332,A
333,F
334,E
335,L
336,E
337,A
338,A
339,K
340,A
341,H
342,A
343,H
344,I
345,K
346,A
347,G
348,A
349,F
350,A
351,H
352,I
353,I
354,I
355,A
356,F
357,F
358,A
359,A
360,A
361,A
362,A
363,H
364,L
365,F
366,E
367,D
368,A
369,E
370,A
371,G
372,E
373,A
374,F
375,E
376,I
377,H
378,A
379,I
380,G
381,A
382,A
383,A
384,A
385,A
386,A
387,A
388,F
389,J
390,H
391,A
392,F
393,F
394,A
395,E
396,A
397,G
398,A
399,A
400,I
401,K
402,E
403,A
404,A
405,I
406,J
407,A
408,F
409,H
410,A
411,H
412,E
413,A
414,A
415,F
416,A
417,F
418,A
419,G
420,A
421,F
422,F
423,J
424,F
425,A
426,A
427,A
428,A
429,I
430,I
431,E
432,I
433,A
434,E
435,E
436,I
437,I
438,L
439,F
440,A
441,A
442,L
443,F
444,E
445,F
446,K
447,K
448,A
449,A
450,A
451,A
452,A
453,E
454,A
455,A
456,A
457,A
458,F
459,C
460,A
461,F
462,F
463,E
464,A
465,D
466,I
467,A
468,A
469,A
470,A
471,K
472,A
473,G
474,A
475,A
476,I
477,I
478,A
479,A
480,E
481,L
482,F
483,A
484,A
485,H
486,A
487,E
488,H
489,A
490,F
491,A
492,A
493,I
494,E
495,A
496,F
497,A
498,G
499,E
500,A
501,E
502,A
503,A
504,I
505,I
506,D
507,A
508,I
509,F
510,A
511,A
512,A
513,A
514,F
515,A
516,I
517,A
518,I
519,H
520,F
521,H
522,F
523,L
524,A
525,H
526,F
527,A
528,F
529,A
530,A
531,A
532,K
533,A
534,H
535,G
536,L
537,A
538,E
539,A
540,A
541,A
542,D
543,H
544,A
545,E
546,I
547,K
548,I
549,A
550,F
551,E
552,A
553,E
554,A
555,A
556,D
557,G
558,A
559,F
560,A
561,G
562,A
563,F
564,A
565,H
566,F
567,K
568,E
569,E
570,A
571,G
572,A
573,A
574,E
575,K
576,G
577,K
578,F
579,A
580,A
581,F
582,G
583,A
584,A
585,A
586,A
587,A
588,A
589,D
590,A
591,E
592,A
593,F
594,D
595,F
596,G
597,F
598,C
599,A
600,E
601,I
602,I
603,A
604,H
605,E
606,F
607,A
608,A
609,K
610,A
611,F
612,A
613,A
614,A
615,A
616,I
617,I
618,I
619,G
620,E
621,H
622,A
623,F
624,A
625,A
626,E
627,G
628,I
629,A
630,A
631,F
632,A
633,G
634,A
635,F
636,A
637,I
638,K
639,A
640,H
641,F
642,A
643,A
644,F
645,E
646,F
647,E
648,A
649,H
650,F
651,I
652,A
653,A
654,A
655,L
656,F
657,A
658,A
659,F
660,F
661,A
662,F
663,K
664,I
665,A
666,A
667,A
668,F
669,A
670,G
671,F
672,D
673,A
674,A
675,F
676,E
677,H
678,H
679,E
680,E
681,A
682,L
683,J
684,H
685,I
686,A
687,F
688,A
689,A
690,A
691,A
692,G
693,F
694,E
695,I
696,A
697,E
698,F
699,E
700,A
701,A
702,A
703,C
704,A
705,A
706,A
707,H
708,A
709,A
710,A
711,A
712,I
713,H
714,F
715,E
716,F
717,I
718,A
719,G
720,E
721,A
722,A
723,F
724,I
725,D
726,D
727,A
728,A
729,A
730,I
731,D
732,A
733,F
734,A
735,A
736,F
737,E
738,F
739,G
740,C
741,A
742,A
743,F
744,E
745,A
746,I
747,E
748,A
749,F
750,E
751,A
752,A
753,A
754,F
755,I
756,E
757,H
758,L
759,E
760,A
761,A
762,A
763,E
764,A
765,A
766,F
767,A
768,A
769,E
770,A
771,C
772,A
773,A
774,K
775,A
776,A
777,F
778,F
779,A
780,F
781,E
782,E
783,A
784,K
785,E
786,A
787,A
788,A
789,A
790,D
791,F
792,A
793,A
794,D
795,A
796,A
797,I
798,F
799,E
800,K
801,A
802,F
803,A
804,I
805,L
806,A
807,E
808,H
809,F
810,A
811,A
812,G
813,E
814,A
815,A
816,A
817,A
818,A
819,F
820,F
821,F
822,A
823,A
824,A
825,I
826,G
827,A
828,H
829,F
830,E
831,I
832,G
833,K
834,E
835,A
836,A
837,H
838,A
839,A
840,F
841,D
842,K
843,F
844,A
845,H
846,A
847,A
848,A
849,F
850,F
851,H
852,A
853,F
854,E
855,G
856,I
857,A
858,K
859,E
860,A
861,F
862,I
863,F
864,L
865,G
866,E
867,A
868,E
869,F
870,A
871,A
872,K
873,A
874,A
875,F
876,F
877,F
878,F
879,A
880,A
881,I
882,F
883,F
884,A
885,A
886,H
887,K
888,K
889,F
890,A
891,A
892,I
893,A
894,A
895,K
896,D
897,A
898,A
899,A
900,A
901,A
902,L
903,G
904,F
905,A
906,E
907,A
908,A
909,A
910,A
911,A
912,A
913,A
914,F
915,K
916,A
917,F
918,K
919,I
920,A
921,I
922,A
923,G
924,I
925,I
926,A
927,A
928,I
929,A
930,C
931,G
932,A
933,A
934,F
935,H
936,A
937,A
938,A
939,E
940,A
941,A
942,H
943,F
944,K
945,A
946,A
947,A
948,A
949,A
950,F
951,E
952,G
953,K
954,A
955,F
956,F
957,H
958,F
959,A
960,A
961,A
962,A
963,A
964,L
965,I
966,A
967,A
968,D
969,E
970,A
971,E
972,I
973,A
974,A
975,F
976,H
977,F
978,F
979,A
980,H
981,K
982,A
983,I
984,A
985,G
986,L
987,A
988,A
989,E
990,E
991,E
992,F
993,A
994,A
995,F
996,K
997,E
998,A
999,E
1000,E
1001,A
1002,F
1003,E
1004,I
1005,A
1006,I
1007,F
1008,F
1009,I
1010,I
1011,A
1012,A
1013,F
1014,F
1015,E
1016,F
1017,A
1018,A
1019,A
1020,F
1021,F
1022,A
1023,A
1024,H
1025,F
1026,E
1027,A
1028,A
1029,I
1030,K
1031,A
1032,J
1033,A
1034,H
1035,A
1036,L
1037,A
1038,G
1039,A
1040,A
1041,F
1042,E
1043,E
1044,A
1045,F
1046,F
1047,F
1048,A
1049,I
1050,E
1051,F
1052,I
1053,A
1054,F
1055,F
1056,A
1057,A
1058,A
1059,A
1060,A
1061,E
1062,E
1063,I
1064,F
1065,F
1066,A
1067,D
1068,A
1069,E
1070,E
1071,H
1072,I
1073,A
1074,F
1075,A
1076,A
1077,A
1078,F
1079,A
1080,F
1081,L
1082,F
1083,A
1084,I
1085,H
1086,A
1087,A
1088,A
1089,A
1090,A
1091,A
1092,E
1093,H
1094,F
1095,G
1096,K
1097,I
1098,L
1099,I
1100,I
1101,H
1102,D
1103,A
1104,H
1105,G
1106,E
1107,L
1108,J
1109,A
1110,A
1111,H
1112,A
1113,A
1114,E
1115,F
1116,H
1117,G
1118,I
1119,K
1120,F
1121,H
1122,D
1123,E
1124,A
1125,A
1126,K
1127,K
1128,F
1129,F
1130,I
1131,H
1132,E
1133,F
1134,A
1135,A
1136,A
1137,A
1138,H
1139,A
1140,A
1141,A
1142,K
1143,E
1144,A
1145,A
1146,A
1147,A
1148,A
1149,D
1150,A
1151,A
1152,E
1153,F
1154,A
1155,A
1156,H
1157,F
1158,G
1159,A
1160,E
1161,A
1162,E
1163,A
1164,A
1165,F
1166,E
1167,L
1168,K
1169,A
1170,F
1171,F
1172,E
1173,K
1174,A
1175,A
1176,A
1177,G
1178,A
1179,E
1180,E
1181,G
1182,A
1183,E
1184,F
1185,A
1186,A
1187,A
1188,A
1189,F
1190,A
1191,A
1192,A
1193,D
1194,H
1195,C
1196,E
1197,H
1198,F
1199,F
1200,H
1201,A
1202,E
1203,A
1204,A
1205,L
1206,A
1207,E
1208,E
1209,A
1210,K
1211,D
1212,I
1213,A
1214,F
1215,A
1216,H
1217,A
1218,F
1219,F
1220,A
1221,D
1222,A
1223,A
1224,A
1225,F
1226,A
1227,L
1228,A
1229,A
1230,I
1231,A
1232,G
1233,F
1234,F
1235,A
1236,F
1237,I
1238,A
1239,A
1240,I
1241,A
1242,A
1243,A
1244,A
1245,K
1246,A
1247,A
1248,A
1249,A
1250,F
1251,A
1252,G
1253,D
1254,H
1255,A
1256,A
1257,F
1258,E
1259,A
1260,A
1261,I
1262,F
1263,A
1264,A
1265,A
1266,A
1267,F
1268,A
1269,A
1270,F
1271,D
1272,A
1273,K
1274,F
1275,I
1276,A
1277,A
1278,A
1279,A
1280,I
1281,I
1282,A
1283,G
1284,I
1285,I
1286,A
1287,F
1288,E
1289,K
1290,F
1291,F
1292,A
1293,G
1294,F
1295,A
1296,G
1297,A
1298,H
1299,A
1300,F
1301,F
1302,I
1303,A
1304,A
1305,G
1306,L
1307,G
1308,K
1309,F
1310,I
1311,A
1312,L
1313,A
1314,A
1315,A
1316,A
1317,D
1318,F
1319,A
1320,F
1321,K
1322,A
1323,I
1324,A
1325,A
1326,F
1327,A
1328,K
1329,F
1330,E
1331,A
1332,F
1333,D
1334,I
1335,K
1336,I
1337,F
1338,A
1339,A
1340,E
1341,D
1342,A
1343,A
1344,F
1345,E
1346,A
1347,A
1348,A
1349,K
1350,A
1351,F
1352,A
1353,E
1354,A
1355,I
1356,A
1357,E
1358,A
1359,A
1360,A
1361,H
1362,F
1363,A
1364,F
1365,J
1366,D
1367,A
1368,A
1369,H
1370,C
1371,A
1372,F
1373,A
1374,E
1375,E
1376,F
1377,E
1378,A
1379,H
1380,C
1381,A
1382,A
1383,A
1384,A
1385,K
1386,E
1387,I
1388,A
1389,I
1390,E
1391,A
1392,F
1393,A
1394,A
1395,A
1396,J
1397,I
1398,D
1399,E
1400,A
1401,K
1402,A
1403,F
1404,I
1405,A
1406,I
1407,F
1408,L
1409,A
1410,A
1411,I
1412,A
1413,A
1414,A
1415,E
1416,F
1417,I
1418,A
1419,A
1420,F
1421,F
1422,F
1423,I
1424,A
1425,C
1426,E
1427,F
1428,E
1429,I
1430,A
1431,K
1432,A
1433,F
1434,A
1435,A
1436,D
1437,G
1438,A
1439,F
1440,A
1441,G
1442,A
1443,F
1444,A
1445,H
1446,E
1447,I
1448,H
1449,E
1450,F
1451,A
1452,I
1453,A
1454,A
1455,E
1456,A
1457,F
1458,A
1459,A
1460,F
1461,A
1462,A
1463,A
1464,A
1465,E
1466,A
1467,A
1468,F
1469,L
1470,F
1471,A
1472,A
1473,F
1474,F
1475,F
1476,A
1477,J
1478,F
1479,F
1480,I
1481,L
1482,E
1483,A
1484,A
1485,A
1486,G
1487,G
1488,G
1489,I
1490,A
1491,A
1492,A
1493,D
1494,A
1495,F
1496,H
1497,A
1498,I
1499,A
1500,A
1501,A
1502,F
1503,F
1504,A
1505,G
1506,A
1507,A
1508,A
1509,A
1510,D
1511,A
1512,F
1513,A
1514,F
1515,A
1516,D
1517,A
1518,I
1519,I
1520,A
1521,A
1522,G
1523,I
1524,K
1525,E
1526,F
1527,F
1528,A
1529,E
1530,G
1531,A
1532,E
1533,A
1534,G
1535,A
1536,C
1537,I
1538,E
1539,F
1540,F
1541,A
1542,A
1543,A
1544,I
1545,A
1546,G
1547,A
1548,A
1549,F
1550,K
1551,A
1552,F
1553,I
1554,H
1555,G
1556,A
1557,A
1558,I
1559,F
1560,A
1561,I
1562,A
1563,G
1564,F
1565,A
1566,A
1567,E
1568,A
1569,A
1570,I
1571,K
1572,K
1573,G
1574,K
1575,K
1576,A
1577,G
1578,L
1579,A
1580,F
1581,A
1582,F
1583,A
1584,F
1585,A
1586,A
1587,F
1588,L
1589,H
1590,D
1591,F
1592,A
1593,F
1594,G
1595,A
1596,F
1597,A
1598,F
1599,E
1600,I
1601,K
1602,I
1603,A
1604,A
1605,L
1606,F
1607,C
1608,E
1609,I
1610,A
1611,A
1612,F
1613,A
1614,A
1615,L
1616,E
1617,A
1618,A
1619,F
1620,A
1621,F
1622,L
1623,A
1624,K
1625,I
1626,A
1627,F
1628,A
1629,F
1630,A
1631,I
1632,F
1633,K
1634,F
1635,F
1636,A
1637,A
1638,A
1639,F
1640,K
1641,A
1642,E
1643,A
1644,A
1645,I
1646,F
1647,A
1648,I
1649,A
1650,L
1651,I
1652,E
1653,F
1654,A
1655,D
1656,A
1657,A
1658,F
1659,H
1660,F
1661,I
1662,D
1663,D
1664,D
1665,A
1666,A
1667,A
1668,H
1669,F
1670,A
1671,D
1672,E
1673,H
1674,F
1675,F
1676,A
1677,A
1678,A
1679,F
1680,F
1681,A
1682,A
1683,G
1684,D
1685,A
1686,D
1687,I
1688,E
1689,F
1690,A
1691,A
1692,E
1693,D
1694,A
1695,A
1696,I
1697,A
1698,K
1699,F
1700,F
1701,A
1702,G
1703,A
1704,C
1705,A
1706,H
1707,I
1708,G
1709,H
1710,A
1711,A
1712,A
1713,K
1714,E
1715,I
1716,A
1717,A
1718,K
1719,A
1720,A
1721,L
1722,A
1723,A
1724,A
1725,K
1726,A
1727,A
1728,K
1729,A
1730,K
1731,I
1732,F
1733,A
1734,A
1735,A
1736,A
1737,D
1738,F
1739,G
1740,A
1741,E
1742,C
1743,A
1744,K
1745,E
1746,G
1747,F
1748,A
1749,H
1750,H
1751,H
1752,F
1753,A
1754,F
1755,K
1756,F
1757,G
1758,A
1759,K
1760,F
1761,F
1762,G
1763,A
1764,F
1765,H
1766,L
1767,F
1768,G
1769,H
1770,F
1771,F
1772,I
1773,E
1774,F
1775,K
1776,A
1777,E
1778,A
1779,I
1780,F
1781,K
1782,F
1783,A
1784,A
1785,A
1786,A
1787,K
1788,A
1789,A
1790,D
1791,L
1792,A
1793,F
1794,A
1795,A
1796,I
1797,H
1798,F
1799,A
1800,G
1801,H
1802,A
1803,A
1804,I
1805,A
1806,A
1807,A
1808,F
1809,E
1810,A
1811,A
1812,A
1813,I
1814,H
1815,A
1816,I
1817,E
1818,E
1819,H
1820,A
1821,K
1822,A
1823,F
1824,I
1825,A
1826,K
1827,F
1828,A
1829,D
1830,F
1831,A
1832,A
1833,L
1834,A
1835,D
1836,F
1837,E
1838,F
1839,I
1840,A
1841,A
1842,A
1843,F
1844,I
1845,A
1846,G
1847,A
1848,E
1849,F
1850,A
1851,K
1852,D
1853,E
1854,A
1855,K
1856,E
1857,A
1858,E
1859,L
1860,E
1861,H
1862,A
1863,F
1864,A
1865,D
1866,K
1867,A
1868,K
1869,A
1870,K
1871,K
1872,L
1873,E
1874,F
1875,A
1876,I
1877,A
1878,I
1879,A
1880,F
1881,E
1882,A
1883,K
1884,G
1885,I
1886,F
1887,A
1888,E
1889,I
1890,A
1891,G
1892,A
1893,A
1894,I
1895,A
1896,I
1897,E
1898,E
1899,A
1900,A
1901,I
1902,A
1903,K
1904,G
1905,K
1906,D
1907,A
1908,F
1909,F
1910,A
1911,G
1912,A
1913,I
1914,A
1915,A
1916,E
1917,D
1918,F
1919,A
1920,I
1921,A
1922,H
1923,G
1924,A
1925,F
1926,E
1927,K
1928,A
1929,A
1930,A
1931,F
1932,A
1933,I
1934,E
1935,F
1936,I
1937,D
1938,A
1939,K
1940,A
1941,A
1942,K
1943,F
1944,A
1945,A
1946,E
1947,I
1948,I
1949,I
1950,I
1951,A
1952,E
1953,A
1954,F
1955,A
1956,F
1957,F
1958,A
1959,I
1960,A
1961,H
1962,I
1963,C
1964,F
1965,F
1966,A
1967,A
1968,A
1969,I
1970,A
1971,A
1972,A
1973,F
1974,A
1975,A
1976,K
1977,A
1978,K
1979,A
1980,A
1981,E
1982,A
1983,A
1984,F
1985,I
1986,A
1987,A
1988,A
1989,A
1990,E
1991,E
1992,G
1993,F
1994,A
1995,G
1996,A
1997,A
1998,E
1999,L
2000,A
2001,A
2002,K
2003,F
2004,K
2005,A
2006,A
2007,K
2008,A
2009,A
2010,E
2011,A
2012,A
2013,A
2014,A
2015,I
2016,D
2017,I
2018,E
2019,A
2020,E
2021,G
2022,I
2023,A
2024,F
2025,A
2026,A
2027,A
2028,E
2029,F
2030,F
2031,F
2032,A
2033,A
2034,A
2035,E
2036,F
2037,I
2038,A
2039,A
2040,F
2041,A
2042,K
2043,I
2044,A
2045,F
2046,F
2047,F
2048,K
2049,A
2050,C
2051,H
2052,A
2053,H
2054,L
2055,I
2056,A
2057,A
2058,D
2059,F
2060,L
2061,K
2062,L
2063,A
2064,A
2065,A
2066,A
2067,A
2068,F
2069,F
2070,A
2071,A
2072,A
2073,F
2074,H
2075,F
2076,H
2077,E
2078,E
2079,D
2080,H
2081,C
2082,A
2083,F
2084,A
2085,A
2086,F
2087,A
2088,A
2089,F
2090,L
2091,A
2092,I
2093,F
2094,D
2095,A
2096,A
2097,F
2098,D
2099,I
2100,F
2101,F
2102,E
2103,K
2104,A
2105,F
2106,F
2107,F
2108,K
2109,A
2110,G
2111,A
2112,A
2113,I
2114,D
2115,A
2116,A
2117,H
2118,A
2119,L
2120,F
2121,F
2122,F
2123,F
2124,A
2125,F
2126,K
2127,A
2128,E
2129,A
2130,K
2131,A
2132,A
2133,G
2134,A
2135,F
2136,A
2137,A
2138,H
2139,F
2140,A
2141,H
2142,A
2143,H
2144,A
2145,H
2146,F
2147,F
2148,A
2149,F
2150,A
2151,A
2152,D
2153,A
2154,A
2155,D
2156,I
2157,A
2158,F
2159,A
2160,H
2161,I
2162,J
2163,A
2164,A
2165,G
2166,A
2167,F
2168,I
2169,F
2170,I
2171,A
2172,I
2173,A
2174,E
2175,F
2176,A
2177,K
2178,D
2179,K
2180,F
2181,A
2182,L
2183,K
2184,L
2185,F
2186,L
2187,H
2188,A
2189,A
2190,I
2191,G
2192,A
2193,A
2194,E
2195,A
2196,A
2197,L
2198,A
2199,F
2200,F
2201,A
2202,G
2203,F
2204,F
2205,A
2206,A
2207,D
2208,A
2209,E
2210,A
2211,G
2212,A
2213,A
2214,A
2215,A
2216,F
2217,F
2218,E
2219,I
2220,F
2221,F
2222,F
2223,A
2224,G
2225,A
2226,A
2227,A
2228,K
2229,F
2230,E
2231,F
2232,K
2233,G
2234,F
2235,A
2236,A
2237,K
2238,H
2239,F
2240,F
2241,A
2242,D
2243,I
2244,G
2245,L
2246,F
2247,F
2248,E
2249,I
2250,G
2251,E
2252,F
2253,F
2254,F
2255,A
2256,E
2257,F
2258,A
2259,A
2260,A
2261,F
2262,F
2263,F
2264,A
2265,L
2266,A
2267,I
2268,F
2269,F
2270,F
2271,A
2272,A
2273,A
2274,A
2275,A
2276,F
2277,I
2278,L
2279,F
2280,A
2281,A
2282,A
2283,A
2284,A
2285,A
2286,A
2287,A
2288,D
2289,F
2290,H
2291,A
2292,F
2293,F
2294,A
2295,K
2296,H
2297,I
2298,E
2299,F
2300,H
2301,A
2302,L
2303,I
2304,F
2305,F
2306,F
2307,G
2308,A
2309,A
2310,G
2311,F
2312,A
2313,A
2314,F
2315,E
2316,A
2317,A
2318,A
2319,K
2320,E
2321,K
2322,A
2323,E
2324,A
2325,A
2326,A
2327,A
2328,A
2329,A
2330,K
2331,H
2332,A
2333,D
2334,A
2335,A
2336,F
2337,A
2338,G
2339,A
2340,G
2341,A
2342,A
2343,F
2344,F
2345,F
2346,A
2347,I
2348,A
2349,I
2350,A
2351,A
2352,F
2353,G
2354,A
2355,A
2356,A
2357,D
2358,K
2359,A
2360,H
2361,A
2362,E
2363,L
2364,A
2365,A
2366,E
2367,A
2368,K
2369,A
2370,A
2371,H
2372,A
2373,F
2374,L
2375,A
2376,E
2377,E
2378,A
2379,E
2380,G
2381,F
2382,E
2383,I
2384,A
2385,G
2386,A
2387,A
2388,E
2389,H
2390,K
2391,A
2392,F
2393,H
2394,A
2395,E
2396,A
2397,H
2398,A
2399,A
2400,F
2401,I
2402,I
2403,L
2404,A
2405,A
2406,E
2407,H
2408,A
2409,L
2410,H
2411,F
2412,F
2413,F
2414,A
2415,A
2416,A
2417,E
2418,A
2419,A
2420,L
2421,E
2422,G
2423,I
2424,A
2425,F
2426,G
2427,L
2428,E
2429,A
2430,F
2431,A
2432,F
2433,A
2434,F
2435,F
2436,I
2437,F
2438,E
2439,A
2440,F
2441,F
2442,A
2443,D
2444,A
2445,H
2446,K
2447,I
2448,A
2449,A
2450,F
2451,A
2452,A
2453,I
2454,G
2455,G
2456,F
2457,K
2458,A
2459,F
2460,A
2461,A
2462,A
2463,A
2464,H
2465,I
2466,F
2467,F
2468,L
2469,K
2470,K
2471,F
2472,F
2473,A
2474,A
2475,F
2476,G
2477,K
2478,A
2479,G
2480,A
2481,A
2482,E
2483,A
2484,A
2485,F
2486,K
2487,A
2488,D
2489,A
2490,F
2491,D
2492,L
2493,F
2494,F
2495,A
2496,E
2497,G
2498,D
2499,I
2500,K
2501,D
2502,A
2503,F
2504,A
2505,H
2506,F
2507,A
2508,A
2509,A
2510,I
2511,A
2512,A
2513,D
2514,L
2515,A
2516,A
2517,H
2518,F
2519,I
2520,F
2521,G
2522,A
2523,I
2524,A
2525,A
2526,A
2527,H
2528,E
2529,F
2530,A
2531,A
2532,G
2533,E
2534,F
2535,A
2536,A
2537,H
2538,H
2539,G
2540,A
2541,I
2542,K
2543,A
2544,F
2545,A
2546,F
2547,F
2548,K
2549,A
2550,E
2551,K
2552,F
2553,A
2554,A
2555,E
2556,F
2557,D
2558,A
2559,L
2560,F
2561,A
2562,A
2563,F
2564,E
2565,I
2566,A
2567,F
2568,F
2569,A
2570,L
2571,A
2572,A
2573,A
2574,F
2575,A
2576,H
2577,A
2578,K
2579,F
2580,A
2581,L
2582,K
2583,F
2584,A
2585,A
2586,F
2587,E
2588,E
2589,D
2590,D
2591,A
2592,A
2593,F
2594,E
2595,A
2596,H
2597,I
2598,K
2599,J
2600,K
2601,A
2602,E
2603,A
2604,K
2605,A
2606,A
2607,E
2608,A
2609,A
2610,A
2611,H
2612,A
2613,F
2614,H
2615,F
2616,A
2617,A
2618,E
2619,A
2620,K
2621,A
2622,F
2623,H
2624,E
2625,A
2626,A
2627,A
2628,I
2629,A
2630,G
2631,F
2632,H
2633,A
2634,A
2635,A
2636,A
2637,A
2638,E
2639,F
2640,A
2641,K
2642,I
2643,K
2644,A
2645,F
2646,A
2647,A
2648,D
2649,A
2650,F
2651,A
2652,A
2653,G
2654,A
2655,I
2656,A
2657,A
2658,I
2659,G
2660,I
2661,F
2662,E
2663,D
2664,A
2665,A
2666,F
2667,A
2668,F
2669,I
2670,A
2671,E
2672,E
2673,F
2674,A
2675,L
2676,K
2677,A
2678,A
2679,A
2680,A
2681,A
2682,A
2683,A
2684,E
2685,E
2686,A
2687,L
2688,E
2689,A
2690,A
2691,A
2692,I
2693,F
2694,E
2695,A
2696,L
2697,F
2698,E
2699,A
2700,A
2701,F
2702,E
2703,F
2704,A
2705,A
2706,F
2707,H
2708,A
2709,A
2710,A
2711,E
2712,F
2713,F
2714,A
2715,F
2716,A
2717,A
2718,E
2719,I
2720,A
2721,A
2722,I
2723,G
2724,K
2725,A
2726,A
2727,I
2728,A
2729,A
2730,A
2731,A
2732,F
2733,A
2734,A
2735,F
2736,A
2737,I
2738,F
2739,A
2740,A
2741,F
2742,F
2743,A
2744,I
2745,K
2746,I
2747,F
2748,F
2749,F
2750,A
2751,A
2752,A
2753,E
2754,F
2755,A
2756,E
2757,A
2758,F
2759,H
2760,I
2761,F
2762,F
2763,F
2764,I
2765,G
2766,E
2767,E
2768,E
2769,F
2770,F
2771,A
2772,F
2773,A
2774,A
2775,K
2776,F
2777,K
2778,C
2779,A
2780,E
2781,F
2782,K
2783,A
2784,F
2785,A
2786,A
2787,I
2788,F
2789,A
2790,A
2791,L
2792,A
2793,A
2794,F
2795,A
2796,A
2797,H
2798,A
2799,A
2800,A
2801,A
2802,A
2803,F
2804,A
2805,F
2806,A
2807,F
2808,G
2809,E
2810,A
2811,A
2812,E
2813,A
2814,A
2815,A
2816,K
2817,F
2818,D
2819,A
2820,A
2821,F
2822,F
2823,A
2824,E
2825,E
2826,F
2827,A
2828,I
2829,A
2830,A
2831,A
2832,A
2833,H
2834,H
2835,I
2836,E
2837,E
2838,A
2839,F
2840,A
2841,A
2842,E
2843,E
2844,A
2845,D
2846,K
2847,A
2848,A
2849,F
2850,K
2851,A
2852,I
2853,A
2854,I
2855,D
2856,F
2857,F
2858,H
2859,A
2860,F
2861,A
2862,H
2863,A
2864,F
2865,I
2866,A
2867,A
2868,E
2869,A
2870,E
2871,F
2872,I
2873,F
2874,E
2875,J
2876,K
2877,E
2878,F
2879,H
2880,L
2881,I
2882,F
2883,A
2884,G
2885,A
2886,A
2887,F
2888,A
2889,F
2890,H
2891,A
2892,A
2893,A
2894,A
2895,K
2896,F
2897,A
2898,A
2899,K
2900,K
2901,A
2902,A
2903,A
2904,A
2905,H
2906,A
2907,A
2908,F
2909,E
2910,A
2911,F
2912,A
2913,A
2914,A
2915,E
2916,E
2917,A
2918,F
2919,A
2920,G
2921,F
2922,A
2923,F
2924,D
2925,H
2926,F
2927,A
2928,A
2929,F
2930,K
2931,F
2932,F
2933,A
2934,A
2935,I
2936,F
2937,A
2938,E
2939,A
2940,A
2941,A
2942,A
2943,F
2944,H
2945,A
2946,K
2947,E
2948,I
2949,A
2950,A
2951,I
2952,H
2953,K
2954,E
2955,A
2956,A
2957,I
2958,K
2959,D
2960,E
2961,G
2962,E
2963,F
2964,A
2965,A
2966,A
2967,I
2968,E
2969,F
2970,E
2971,F
2972,C
2973,A
2974,H
2975,A
2976,E
2977,H
2978,A
2979,F
2980,A
2981,D
2982,E
2983,E
2984,A
2985,C
2986,K
2987,A
2988,I
2989,G
2990,E
2991,F
2992,K
2993,A
2994,G
2995,A
2996,A
2997,F
2998,F
2999,F
3000,K
3001,H
3002,I
3003,A
3004,A
3005,K
3006,A
3007,A
3008,H
3009,G
3010,C
3011,A
3012,A
3013,A
3014,F
3015,A
3016,F
3017,F
3018,A
3019,E
3020,F
3021,H
3022,K
3023,A
3024,A
3025,A
3026,A
3027,E
3028,A
3029,A
3030,K
3031,E
3032,E
3033,A
3034,A
3035,I
3036,K
3037,E
3038,F
3039,A
3040,A
3041,A
3042,A
3043,A
3044,G
3045,A
3046,A
3047,F
3048,I
3049,I
3050,A
3051,A
3052,F
3053,F
3054,F
3055,A
3056,F
3057,F
3058,E
3059,E
3060,A
3061,E
3062,E
3063,F
3064,I
3065,A
3066,A
3067,A
3068,F
3069,A
3070,F
3071,F
3072,F
3073,H
3074,A
3075,F
3076,I
3077,A
3078,A
3079,E
3080,A
3081,H
3082,D
3083,E
3084,E
3085,G
3086,A
3087,A
3088,A
3089,E
3090,G
3091,C
3092,F
3093,A
3094,A
3095,F
3096,A
3097,F
3098,E
3099,H
3100,A
3101,G
3102,A
3103,I
3104,I
3105,K
3106,A
3107,A
3108,I
3109,L
3110,I
3111,F
3112,E
3113,A
3114,I
3115,A
3116,A
3117,D
3118,I
3119,E
3120,F
3121,A
3122,A
3123,E
3124,E
3125,A
3126,K
3127,A
3128,G
3129,A
3130,A
3131,A
3132,I
3133,A
3134,F
3135,A
3136,D
3137,K
3138,A
3139,K
3140,F
3141,A
3142,D
3143,E
3144,E
3145,A
3146,F
3147,I
3148,D
3149,G
3150,I
3151,E
3152,H
3153,A
3154,A
3155,I
3156,A
3157,A
3158,F
3159,E
3160,A
3161,A
3162,A
3163,A
3164,I
3165,F
3166,A
3167,E
3168,A
3169,A
3170,A
3171,E
3172,F
3173,K
3174,A
3175,A
3176,A
3177,H
3178,F
3179,G
3180,I
3181,F
3182,A
3183,I
3184,A
3185,I
3186,A
3187,A
3188,A
3189,D
3190,E
3191,A
3192,F
3193,I
3194,I
3195,A
3196,F
3197,E
3198,A
3199,H
3200,I
3201,A
3202,A
3203,I
3204,F
3205,D
3206,E
3207,E
3208,G
3209,A
3210,J
3211,F
3212,A
3213,C
3214,F
3215,A
3216,A
3217,F
3218,F
3219,E
3220,A
3221,F
3222,I
3223,A
3224,A
3225,A
3226,A
3227,A
3228,F
3229,A
3230,F
3231,E
3232,A
3233,A
3234,E
3235,H
3236,A
3237,F
3238,A
3239,A
3240,A
3241,A
3242,A
3243,H
3244,K
3245,G
3246,A
3247,A
3248,A
3249,H
3250,K
3251,E
3252,A
3253,A
3254,A
3255,A
3256,A
3257,F
3258,C
3259,F
3260,G
3261,A
3262,A
3263,A
3264,A
3265,A
3266,F
3267,A
3268,H
3269,E
3270,F
3271,D
3272,F
3273,A
3274,A
3275,A
3276,K
3277,I
3278,A
3279,A
3280,I
3281,A
3282,I
3283,K
3284,A
3285,E
3286,F
3287,E
3288,A
3289,A
3290,F
3291,A
3292,F
3293,D
3294,A
3295,A
3296,F
3297,A
3298,I
3299,E
3300,H
3301,I
3302,I
3303,D
3304,A
3305,F
3306,G
3307,L
3308,F
3309,A
3310,A
3311,A
3312,E
3313,A
3314,F
3315,H
3316,A
3317,K
3318,F
3319,A
3320,F
3321,A
3322,I
3323,E
3324,A
3325,A
3326,K
3327,E
3328,A
3329,F
3330,L
3331,D
3332,A
3333,K
3334,A
3335,I
3336,A
3337,L
3338,G
3339,G
3340,E
3341,F
3342,F
3343,A
3344,A
3345,A
3346,I
3347,H
3348,H
3349,F
3350,G
3351,G
3352,I
3353,F
3354,A
3355,I
3356,F
3357,H
3358,E
3359,H
3360,E
3361,A
3362,A
3363,A
3364,E
3365,A
3366,A
3367,I
3368,E
3369,D
3370,I
3371,A
3372,H
3373,A
3374,A
3375,F
3376,A
3377,F
3378,A
3379,E
3380,A
3381,A
3382,A
3383,E
3384,L
3385,A
3386,F
3387,A
3388,A
3389,A
3390,H
3391,A
3392,D
3393,E
3394,A
3395,F
3396,I
3397,A
3398,F
3399,K
3400,F
3401,A
3402,A
3403,K
3404,F
3405,F
3406,F
3407,A
3408,A
3409,A
3410,F
3411,F
3412,F
3413,F
3414,A
3415,A
3416,H
3417,A
3418,E
3419,A
3420,I
3421,E
3422,A
3423,L
3424,F
3425,A
3426,A
3427,A
3428,A
3429,H
3430,I
3431,H
3432,G
3433,A
3434,K
3435,E
3436,C
3437,A
3438,E
3439,E
3440,A
3441,A
3442,A
3443,A
3444,A
3445,H
3446,A
3447,F
3448,E
3449,A
3450,A
3451,A
3452,E
3453,H
3454,I
3455,K
3456,G
3457,A
3458,F
3459,F
3460,F
3461,D
3462,F
3463,A
3464,F
3465,F
3466,A
3467,A
3468,F
3469,F
3470,F
3471,F
3472,I
3473,I
3474,A
3475,A
3476,I
3477,A
3478,H
3479,E
3480,A
3481,E
3482,A
3483,I
3484,H
3485,H
3486,F
3487,G
3488,A
3489,F
3490,A
3491,A
3492,A
3493,A
3494,A
3495,A
3496,F
3497,A
3498,F
3499,A
3500,K
3501,E
3502,A
3503,F
3504,A
3505,F
3506,D
3507,A
3508,E
3509,H
3510,I
3511,F
3512,A
3513,A
3514,F
3515,A
3516,F
3517,A
3518,F
3519,A
3520,C
3521,E
3522,G
3523,E
3524,G
3525,A
3526,E
3527,E
3528,A
3529,A
3530,G
3531,A
3532,A
3533,G
3534,F
3535,A
3536,F
3537,F
3538,A
3539,K
3540,K
3541,K
3542,K
3543,A
3544,H
3545,A
3546,A
3547,A
3548,I
3549,A
3550,A
3551,K
3552,D
3553,I
3554,A
3555,E
3556,G
3557,A
3558,F
3559,A
3560,A
3561,E
3562,E
3563,K
3564,L
3565,K
3566,K
3567,L
3568,A
3569,L
3570,A
3571,F
3572,A
3573,I
3574,F
3575,A
3576,F
3577,F
3578,D
3579,A
3580,F
3581,A
3582,E
3583,A
3584,A
3585,D
3586,F
3587,E
3588,A
3589,G
3590,I
3591,A
3592,A
3593,A
3594,K
3595,H
3596,F
3597,F
3598,A
3599,E
3600,A
3601,A
3602,A
3603,A
3604,E
3605,F
3606,F
3607,A
3608,J
3609,C
3610,F
3611,A
3612,E
3613,A
3614,A
3615,I
3616,A
3617,E
3618,A
3619,A
3620,G
3621,A
3622,D
3623,L
3624,E
3625,A
3626,A
3627,A
3628,A
3629,I
3630,I
3631,A
3632,F
3633,A
3634,F
3635,A
3636,L
3637,A
3638,E
3639,D
3640,A
3641,J
3642,A
3643,A
3644,A
3645,A
3646,F
3647,F
3648,K
3649,E
3650,L
3651,F
3652,A
3653,H
3654,F
3655,H
3656,A
3657,I
3658,G
3659,I
3660,G
3661,L
3662,I
3663,A
3664,F
3665,A
3666,A
3667,F
3668,A
3669,A
3670,G
3671,F
3672,I
3673,G
3674,F
3675,D
3676,G
3677,A
3678,A
3679,A
3680,A
3681,A
3682,H
3683,A
3684,I
3685,A
3686,H
3687,A
3688,L
3689,A
3690,D
3691,E
3692,E
3693,K
3694,E
3695,A
3696,A
3697,A
3698,G
3699,I
3700,D
3701,A
3702,F
3703,A
3704,F
3705,G
3706,F
3707,F
3708,F
3709,K
3710,A
3711,F
3712,A
3713,F
3714,A
3715,F
3716,I
3717,F
3718,A
3719,A
3720,A
3721,A
3722,E
3723,F
3724,A
3725,A
3726,A
3727,I
3728,C
3729,A
3730,F
3731,E
3732,A
3733,A
3734,A
3735,A
3736,E
3737,A
3738,A
3739,E
3740,E
3741,A
3742,A
3743,F
3744,D
3745,A
3746,D
3747,E
3748,A
3749,A
3750,A
3751,G
3752,E
3753,A
3754,A
3755,A
3756,A
3757,A
3758,I
3759,G
3760,E
3761,I
3762,A
3763,A
3764,A
3765,A
3766,E
3767,D
3768,A
3769,A
3770,E
3771,A
3772,E
3773,A
3774,A
3775,F
3776,F
3777,E
3778,F
3779,A
3780,I
3781,A
3782,A
3783,E
3784,A
3785,A
3786,F
3787,A
3788,A
3789,A
3790,G
3791,F
3792,F
3793,F
3794,A
3795,A
3796,A
3797,G
3798,A
3799,A
3800,E
3801,H
3802,F
3803,A
3804,E
3805,A
3806,A
3807,D
3808,G
3809,F
3810,I
3811,A
3812,A
3813,A
3814,A
3815,A
3816,A
3817,E
3818,A
3819,A
3820,A
3821,H
3822,A
3823,F
3824,K
3825,A
3826,H
3827,F
3828,A
3829,A
3830,F
3831,H
3832,A
3833,F
3834,A
3835,I
3836,A
3837,F
3838,I
3839,F
3840,A
3841,G
3842,A
3843,E
3844,E
3845,A
3846,G
3847,D
3848,E
3849,A
3850,A
3851,K
3852,L
3853,A
3854,A
3855,L
3856,L
3857,I
3858,F
3859,G
3860,A
3861,F
3862,A
3863,F
3864,E
3865,A
3866,A
3867,L
3868,F
3869,F
3870,A
3871,E
3872,D
3873,A
3874,A
3875,K
3876,A
3877,K
3878,A
3879,I
3880,A
3881,F
3882,F
3883,G
3884,F
3885,A
3886,A
3887,A
3888,A
3889,D
3890,A
3891,E
3892,J
3893,A
3894,E
3895,C
3896,E
3897,H
3898,D
3899,H
3900,I
3901,A
3902,G
3903,D
3904,E
3905,H
3906,A
3907,F
3908,D
3909,E
3910,A
3911,L
3912,G
3913,H
3914,I
3915,F
3916,E
3917,F
3918,D
3919,A
3920,E
3921,H
3922,A
3923,A
3924,A
3925,A
3926,F
3927,F
3928,A
3929,A
3930,F
3931,K
3932,F
3933,C
3934,A
3935,A
3936,A
3937,K
3938,A
3939,A
3940,G
3941,A
3942,I
3943,A
3944,F
3945,A
3946,F
3947,F
3948,A
3949,A
3950,F
3951,H
3952,A
3953,I
3954,F
3955,L
3956,E
3957,A
3958,I
3959,F
3960,A
3961,A
3962,D
3963,F
3964,A
3965,I
3966,E
3967,A
3968,F
3969,F
3970,K
3971,H
3972,A
3973,A
3974,F
3975,F
3976,A
3977,F
3978,F
3979,A
3980,F
3981,A
3982,F
3983,A
3984,E
3985,F
3986,I
3987,L
3988,F
3989,A
3990,K
3991,F
3992,A
3993,A
3994,A
3995,F
3996,A
3997,A
3998,A
3999,H
4000,A
4001,I
4002,E
4003,I
4004,D
4005,F
4006,A
4007,A
4008,A
4009,A
4010,A
4011,A
4012,A
4013,K
4014,F
4015,F
4016,I
4017,I
4018,G
4019,A
4020,F
4021,F
4022,A
4023,A
4024,E
4025,D
4026,A
4027,A
4028,I
4029,F
4030,F
4031,A
4032,J
4033,A
4034,A
4035,A
4036,A
4037,A
4038,F
4039,A
4040,I
4041,K
4042,F
4043,F
4044,A
4045,A
4046,F
4047,E
4048,E
4049,F
4050,I
4051,I
4052,H
4053,A
4054,F
4055,I
4056,H
4057,A
4058,F
4059,A
4060,A
4061,K
4062,A
4063,A
4064,A
4065,F
4066,A
4067,I
4068,A
4069,F
4070,E
4071,E
4072,A
4073,F
4074,A
4075,F
4076,F
4077,C
4078,A
4079,E
4080,K
4081,A
4082,F
4083,A
4084,F
4085,H
4086,A
4087,E
4088,A
4089,A
4090,I
4091,I
4092,A
4093,E
4094,I
4095,A
4096,A
4097,E
4098,I
4099,A
4100,F
4101,F
4102,G
4103,F
4104,A
4105,A
4106,F
4107,J
4108,A
4109,A
4110,E
4111,F
4112,A
4113,K
4114,F
4115,A
4116,I
4117,K
4118,A
4119,F
4120,A
4121,A
4122,F
4123,E
4124,A
4125,H
4126,F
4127,G
4128,E
4129,A
4130,G
4131,A
4132,A
4133,L
4134,A
4135,A
4136,F
4137,A
4138,F
4139,H
4140,A
4141,A
4142,E
4143,C
4144,F
4145,A
4146,A
4147,I
4148,F
4149,F
4150,F
4151,F
4152,A
4153,F
4154,F
4155,A
4156,E
4157,F
4158,A
4159,A
4160,F
4161,L
4162,I
4163,A
4164,K
4165,C
4166,F
4167,E
4168,E
4169,A
4170,G
4171,A
4172,A
4173,K
4174,K
4175,H
4176,F
4177,L
4178,H
4179,A
4180,A
4181,A
4182,A
4183,A
4184,A
4185,F
4186,H
4187,A
4188,L
4189,K
4190,E
4191,F
4192,A
4193,A
4194,A
4195,E
4196,E
4197,E
4198,H
4199,A
4200,A
4201,E
4202,A
4203,K
4204,A
4205,A
4206,L
4207,A
4208,D
4209,A
4210,K
4211,E
4212,A
4213,F
4214,A
4215,A
4216,A
4217,F
4218,A
4219,K
4220,H
4221,A
4222,F
4223,I
4224,H
4225,F
4226,A
4227,F
4228,K
4229,F
4230,H
4231,I
4232,G
4233,I
4234,A
4235,F
4236,A
4237,F
4238,H
4239,A
4240,A
4241,A
4242,A
4243,F
4244,A
4245,A
4246,D
4247,E
4248,F
4249,I
4250,K
4251,A
4252,H
4253,G
4254,G
4255,A
4256,G
4257,A
4258,H
4259,H
4260,F
4261,A
4262,F
4263,I
4264,F
4265,I
4266,F
4267,G
4268,A
4269,L
4270,H
4271,A
4272,F
4273,A
4274,A
4275,A
4276,G
4277,F
4278,A
4279,A
4280,E
4281,A
4282,E
4283,A
4284,A
4285,I
4286,F
4287,E
4288,A
4289,I
4290,I
4291,I
4292,F
4293,F
4294,E
4295,F
4296,A
4297,K
4298,F
4299,J
4300,K
4301,A
4302,A
4303,A
4304,E
4305,A
4306,F
4307,A
4308,A
4309,I
4310,A
4311,I
4312,A
4313,A
4314,A
4315,A
4316,K
4317,L
4318,K
4319,A
4320,G
4321,I
4322,F
4323,E
4324,A
4325,A
4326,A
4327,A
4328,A
4329,A
4330,H
4331,G
4332,F
4333,I
4334,E
4335,A
4336,H
4337,H
4338,F
4339,D
4340,F
4341,I
4342,F
4343,D
4344,F
4345,A
4346,A
4347,A
4348,E
4349,A
4350,K
4351,I
4352,F
4353,A
4354,I
4355,K
4356,A
4357,G
4358,F
4359,D
4360,F
4361,A
4362,F
4363,K
4364,A
4365,A
4366,A
4367,A
4368,D
4369,A
4370,G
4371,A
4372,A
4373,F
4374,F
4375,H
4376,F
4377,E
4378,K
4379,A
4380,F
4381,A
4382,A
4383,A
4384,H
4385,A
4386,A
4387,L
4388,A
4389,A
4390,F
4391,A
4392,I
4393,I
4394,A
4395,A
4396,A
4397,K
4398,A
4399,F
4400,D
4401,F
4402,D
4403,A
4404,A
4405,F
4406,A
4407,A
4408,A
4409,E
4410,A
4411,L
4412,H
4413,I
4414,I
4415,A
4416,A
4417,F
4418,A
4419,A
4420,G
4421,F
4422,A
4423,K
4424,L
4425,F
4426,E
4427,F
4428,A
4429,I
4430,K
4431,F
4432,H
4433,A
4434,A
4435,A
4436,A
4437,L
4438,A
4439,A
4440,F
4441,A
4442,D
4443,A
4444,L
4445,F
4446,A
4447,I
4448,E
4449,A
4450,D
4451,A
4452,F
4453,A
4454,E
4455,H
4456,A
4457,A
4458,A
4459,A
4460,A
4461,A
4462,F
4463,A
4464,H
4465,A
4466,F
4467,K
4468,E
4469,F
4470,A
4471,A
4472,K
4473,H
4474,H
4475,G
4476,A
4477,A
4478,A
4479,A
4480,A
4481,A
4482,A
4483,A
4484,A
4485,F
4486,F
4487,A
4488,I
4489,E
4490,L
4491,A
4492,A
4493,F
4494,A
4495,D
4496,D
4497,J
4498,D
4499,F
4500,A
4501,A
4502,F
4503,A
4504,F
4505,E
4506,A
4507,F
4508,G
4509,G
4510,A
4511,H
4512,K
4513,A
4514,A
4515,A
4516,A
4517,K
4518,A
4519,A
4520,G
4521,E
4522,A
4523,F
4524,A
4525,K
4526,A
4527,A
4528,I
4529,A
4530,F
4531,A
4532,H
4533,F
4534,A
4535,A
4536,A
4537,A
4538,I
4539,A
4540,F
4541,F
4542,A
4543,K
4544,A
4545,L
4546,E
4547,F
4548,E
4549,I
4550,F
4551,F
4552,A
4553,D
4554,G
4555,A
4556,F
4557,I
4558,H
4559,A
4560,F
4561,A
4562,K
4563,I
4564,E
4565,F
4566,C
4567,A
4568,A
4569,A
4570,A
4571,A
4572,K
4573,E
4574,A
4575,A
4576,A
4577,H
4578,F
4579,A
4580,H
4581,I
4582,A
4583,D
4584,A
4585,A
4586,L
4587,F
4588,A
4589,H
4590,A
4591,A
4592,F
4593,A
4594,G
4595,H
4596,F
4597,A
4598,A
4599,F
4600,A
4601,L
4602,G
4603,F
4604,A
4605,I
4606,K
4607,F
4608,A
4609,A
4610,E
4611,F
4612,A
4613,F
4614,F
4615,A
4616,E
4617,L
4618,H
4619,E
4620,I
4621,G
4622,E
4623,A
4624,A
4625,K
4626,F
4627,I
4628,F
4629,A
4630,A
4631,F
4632,A
4633,F
4634,F
4635,I
4636,F
4637,F
4638,A
4639,I
4640,H
4641,G
4642,G
4643,E
4644,F
4645,A
4646,L
4647,A
4648,F
4649,A
4650,F
4651,A
4652,F
4653,I
4654,F
4655,A
4656,L
4657,A
4658,A
4659,F
4660,A
4661,A
4662,A
4663,G
4664,A
4665,A
4666,A
4667,A
4668,F
4669,A
4670,A
4671,K
4672,F
4673,H
4674,A
4675,A
4676,K
4677,H
4678,A
4679,E
4680,H
4681,E
4682,A
4683,F
4684,A
4685,F
4686,G
4687,A
4688,G
4689,A
4690,F
4691,A
4692,A
4693,E
4694,E
4695,D
4696,E
4697,F
4698,D
4699,A
4700,A
4701,F
4702,F
4703,I
4704,J
4705,F
4706,A
4707,I
4708,H
4709,H
4710,E
4711,A
4712,A
4713,A
4714,A
4715,E
4716,A
4717,L
4718,F
4719,A
4720,F
4721,F
4722,A
4723,F
4724,A
4725,D
4726,K
4727,I
4728,G
4729,A
4730,E
4731,K
4732,K
4733,H
4734,K
4735,A
4736,E
4737,A
4738,F
4739,H
4740,K
4741,A
4742,E
4743,A
4744,E
4745,K
4746,K
4747,A
4748,A
4749,A
4750,F
4751,E
4752,D
4753,A
4754,F
4755,A
4756,I
4757,A
4758,G
4759,F
4760,F
4761,A
4762,D
4763,F
4764,K
4765,A
4766,A
4767,A
4768,A
4769,A
4770,F
4771,K
4772,D
4773,A
4774,D
4775,A
4776,A
4777,F
4778,E
4779,F
4780,F
4781,F
4782,A
4783,A
4784,A
4785,I
4786,A
4787,F
4788,F
4789,F
4790,F
4791,A
4792,A
4793,G
4794,E
4795,F
4796,A
4797,A
4798,E
4799,A
4800,A
4801,C
4802,E
4803,A
4804,E
4805,F
4806,A
4807,H
4808,A
4809,F
4810,A
4811,H
4812,F
4813,G
4814,F
4815,E
4816,I
4817,E
4818,A
4819,F
4820,H
4821,F
4822,K
4823,E
4824,A
4825,E
4826,I
4827,A
4828,F
4829,F
4830,A
4831,A
4832,E
4833,E
4834,F
4835,E
4836,A
4837,A
4838,I
4839,F
4840,I
4841,E
4842,F
4843,A
4844,F
4845,A
4846,F
4847,F
4848,K
4849,F
4850,A
4851,L
4852,F
4853,E
4854,A
4855,F
4856,A
4857,A
4858,K
4859,E
4860,A
4861,E
4862,I
4863,A
4864,F
4865,A
4866,F
4867,A
4868,A
4869,A
4870,E
4871,A
4872,E
4873,I
4874,I
4875,F
4876,I
4877,A
4878,A
4879,A
4880,H
4881,E
4882,A
4883,H
4884,F
4885,F
4886,H
4887,I
4888,L
4889,A
4890,A
4891,A
4892,J
4893,F
4894,I
4895,E
4896,D
4897,A
4898,I
4899,F
4900,A
4901,E
4902,A
4903,F
4904,E
4905,I
4906,A
4907,E
4908,F
4909,K
4910,A
4911,F
4912,I
4913,A
4914,G
4915,A
4916,I
4917,H
4918,A
4919,I
4920,A
4921,G
4922,E
4923,D
4924,A
4925,F
4926,A
4927,H
4928,A
4929,E
4930,D
4931,F
4932,A
4933,A
4934,A
4935,A
4936,A
4937,C
4938,H
4939,A
4940,F
4941,A
4942,A
4943,A
4944,F
4945,I
4946,A
4947,H
4948,F
4949,H
4950,A
4951,G
4952,A
4953,I
4954,E
4955,A
4956,A
4957,D
4958,H
4959,A
4960,I
4961,A
4962,E
4963,A
4964,I
4965,A
4966,H
4967,F
4968,L
4969,G
4970,E
4971,A
4972,A
4973,F
4974,H
4975,E
4976,K
4977,A
4978,G
4979,A
4980,A
4981,D
4982,E
4983,A
4984,H
4985,F
4986,A
4987,F
4988,A
4989,I
4990,F
4991,A
4992,H
4993,H
4994,G
4995,F
4996,A
4997,A
4998,F
4999,A
5000,F
5001,F
5002,K
5003,E
5004,A
5005,F
5006,E
5007,H
5008,E
5009,A
5010,A
5011,H
5012,H
5013,F
5014,I
5015,A
5016,A
5017,A
5018,A
5019,F
5020,E
5021,A
5022,A
5023,A
5024,E
5025,F
5026,F
5027,A
5028,A
5029,A
5030,H
5031,I
5032,F
5033,H
5034,D
5035,F
5036,I
5037,A
5038,F
5039,I
5040,A
5041,K
5042,G
5043,E
5044,A
5045,H
5046,I
5047,A
5048,F
5049,A
5050,A
5051,A
5052,K
5053,L
5054,F
5055,A
5056,A
5057,A
5058,E
5059,F
5060,A
5061,A
5062,I
5063,A
5064,A
5065,E
5066,E
5067,G
5068,F
5069,A
5070,F
5071,F
5072,A
5073,D
5074,A
5075,H
5076,A
5077,E
5078,H
5079,A
5080,F
5081,A
5082,E
5083,G
5084,A
5085,A
5086,A
5087,F
5088,A
5089,G
5090,A
5091,E
5092,E
5093,A
5094,G
5095,A
5096,A
5097,A
5098,A
5099,E
5100,A
5101,A
5102,E
5103,F
5104,A
5105,F
5106,A
5107,F
5108,F
5109,A
5110,D
5111,I
5112,A
5113,F
5114,E
5115,A
5116,F
5117,F
5118,A
5119,A
5120,F
5121,A
5122,G
5123,E
5124,E
5125,F
5126,A
5127,F
5128,E
5129,C
5130,A
5131,F
5132,F
5133,A
5134,A
5135,D
5136,A
5137,K
5138,F
5139,A
5140,G
5141,A
5142,E
5143,A
5144,F
5145,H
5146,I
5147,F
5148,A
5149,A
5150,A
5151,G
5152,A
5153,A
5154,A
5155,A
5156,I
5157,L
5158,D
5159,A
5160,L
5161,A
5162,E
5163,F
5164,A
5165,K
5166,A
5167,H
5168,A
5169,A
5170,A
5171,A
5172,I
5173,A
5174,A
5175,F
5176,G
5177,K
5178,A
5179,I
5180,A
5181,A
5182,A
5183,H
5184,F
5185,A
5186,F
5187,H
5188,A
5189,K
5190,A
5191,A
5192,A
5193,A
5194,F
5195,A
5196,A
5197,A
5198,F
5199,H
5200,F
5201,L
5202,A
5203,F
5204,A
5205,A
5206,F
5207,F
5208,E
5209,G
5210,G
5211,A
5212,F
5213,L
5214,C
5215,L
5216,A
5217,F
5218,I
5219,L
5220,F
5221,L
5222,K
5223,H
5224,A
5225,G
5226,F
5227,I
5228,A
5229,A
5230,A
5231,A
5232,I
5233,A
5234,E
5235,A
5236,A
5237,I
5238,A
5239,A
5240,E
5241,D
5242,E
5243,E
5244,C
5245,F
5246,F
5247,A
5248,A
5249,A
5250,F
5251,H
5252,A
5253,A
5254,H
5255,A
5256,A
5257,A
5258,A
5259,F
5260,A
5261,E
5262,A
5263,L
5264,C
5265,A
5266,A
5267,G
5268,E
5269,A
5270,E
5271,A
5272,F
5273,F
5274,F
5275,K
5276,A
5277,C
5278,D
5279,I
5280,E
5281,D
5282,G
5283,I
5284,E
5285,F
5286,G
5287,A
5288,F
5289,F
5290,A
5291,F
5292,L
5293,I
5294,E
5295,F
5296,I
5297,A
5298,E
5299,G
5300,H
5301,F
5302,A
5303,K
5304,F
5305,E
5306,I
5307,E
5308,A
5309,A
5310,E
5311,D
5312,A
5313,F
5314,F
5315,A
5316,A
5317,A
5318,G
5319,F
5320,A
5321,A
5322,A
5323,A
5324,A
5325,A
5326,A
5327,H
5328,D
5329,E
5330,A
5331,I
5332,A
5333,A
5334,F
5335,A
5336,A
5337,A
5338,A
5339,A
5340,A
5341,E
5342,A
5343,G
5344,A
5345,F
5346,I
5347,A
5348,F
5349,G
5350,A
5351,A
5352,C
5353,E
5354,G
5355,F
5356,G
5357,F
5358,A
5359,E
5360,E
5361,K
5362,F
5363,A
5364,A
5365,E
5366,A
5367,K
5368,A
5369,A
5370,A
5371,F
5372,A
5373,I
5374,A
5375,F
5376,A
5377,F
5378,A
5379,H
5380,F
5381,A
5382,F
5383,E
5384,A
5385,F
5386,E
5387,H
5388,A
5389,E
5390,H
5391,G
5392,A
5393,E
5394,A
5395,F
5396,A
5397,G
5398,K
5399,A
5400,F
5401,I
5402,F
5403,A
5404,F
5405,F
5406,H
5407,G
5408,F
5409,I
5410,I
5411,A
5412,A
5413,A
5414,E
5415,D
5416,C
5417,F
5418,L
5419,F
5420,K
5421,F
5422,A
5423,A
5424,A
5425,A
5426,E
5427,A
5428,A
5429,E
5430,A
5431,H
5432,A
5433,I
5434,D
5435,E
5436,H
5437,I
5438,E
5439,A
5440,E
5441,A
5442,A
5443,F
5444,A
5445,D
5446,I
5447,D
5448,F
5449,F
5450,A
5451,A
5452,I
5453,G
5454,A
5455,A
5456,A
5457,E
5458,E
5459,A
5460,F
5461,A
5462,F
5463,A
5464,A
5465,E
5466,H
5467,F
5468,H
5469,I
5470,H
5471,F
5472,F
5473,A
5474,I
5475,A
5476,A
5477,G
5478,A
5479,A
5480,A
5481,A
5482,A
5483,F
5484,F
5485,H
5486,A
5487,K
5488,A
5489,F
5490,F
5491,A
5492,A
5493,E
5494,A
5495,I
5496,A
5497,F
5498,A
5499,I
5500,A
5501,A
5502,A
5503,E
5504,E
5505,F
5506,F
5507,A
5508,A
5509,A
5510,A
5511,A
5512,H
5513,A
5514,H
5515,G
5516,I
5517,A
5518,F
5519,F
5520,A
5521,A
5522,A
5523,F
5524,A
5525,A
5526,K
5527,E
5528,A
5529,L
5530,A
5531,F
5532,F
5533,A
5534,A
5535,A
5536,G
5537,A
5538,K
5539,A
5540,F
5541,A
5542,F
5543,F
5544,D
5545,E
5546,A
5547,A
5548,F
5549,I
5550,E
5551,F
5552,G
5553,A
5554,F
5555,A
5556,G
5557,E
5558,A
5559,F
5560,K
5561,A
5562,A
5563,J
5564,F
5565,F
5566,K
5567,A
5568,A
5569,E
5570,F
5571,I
5572,E
5573,A
5574,A
5575,F
5576,A
5577,I
5578,A
5579,C
5580,A
5581,F
5582,D
5583,F
5584,K
5585,F
5586,A
5587,I
5588,H
5589,A
5590,E
5591,L
5592,H
5593,G
5594,A
5595,A
5596,A
5597,F
5598,A
5599,I
5600,A
5601,E
5602,F
5603,A
5604,A
5605,F
5606,F
5607,F
5608,F
5609,I
5610,A
5611,F
5612,G
5613,I
5614,A
5615,I
5616,K
5617,A
5618,E
5619,A
5620,A
5621,A
5622,F
5623,I
5624,K
5625,I
5626,I
5627,A
5628,F
5629,A
5630,D
5631,I
5632,A
5633,F
5634,L
5635,E
5636,A
5637,I
5638,F
5639,F
5640,H
5641,F
5642,A
5643,E
5644,A
5645,F
5646,A
5647,F
5648,A
5649,A
5650,K
5651,H
5652,I
5653,A
5654,G
5655,A
5656,I
5657,A
5658,A
5659,I
5660,A
5661,A
5662,I
5663,F
5664,A
5665,A
5666,I
5667,I
5668,K
5669,K
5670,K
5671,E
5672,E
5673,A
5674,A
5675,I
5676,A
5677,F
5678,F
5679,A
5680,A
5681,A
5682,F
5683,A
5684,A
5685,A
5686,A
5687,L
5688,E
5689,I
5690,F
5691,F
5692,E
5693,K
5694,H
5695,A
5696,A
5697,D
5698,H
5699,A
5700,A
5701,G
5702,E
5703,A
5704,E
5705,A
5706,C
5707,A
5708,A
5709,H
5710,A
5711,A
5712,E
5713,H
5714,I
5715,A
5716,G
5717,A
5718,H
5719,A
5720,A
5721,H
5722,E
5723,C
5724,A
5725,I
5726,A
5727,A
5728,L
5729,E
5730,E
5731,A
5732,F
5733,H
5734,D
5735,A
5736,A
5737,A
5738,F
5739,I
5740,E
5741,I
5742,F
5743,F
5744,A
5745,A
5746,F
5747,F
5748,A
5749,D
5750,E
5751,H
5752,A
5753,I
5754,G
5755,A
5756,D
5757,F
5758,A
5759,F
5760,F
5761,F
5762,I
5763,A
5764,F
5765,A
5766,A
5767,A
5768,F
5769,L
5770,A
5771,I
5772,E
5773,E
5774,I
5775,A
5776,L
5777,K
5778,A
5779,A
5780,F
5781,A
5782,F
5783,F
5784,A
5785,F
5786,A
5787,E
5788,E
5789,A
5790,K
5791,A
5792,K
5793,F
5794,A
5795,F
5796,K
5797,F
5798,K
5799,A
5800,A
5801,A
5802,L
5803,F
5804,G
5805,A
5806,E
5807,E
5808,A
5809,F
5810,A
5811,A
5812,E
5813,A
5814,L
5815,H
5816,F
5817,F
5818,E
5819,F
5820,A
5821,F
5822,H
5823,F
5824,I
5825,A
5826,A
5827,A
5828,A
5829,A
5830,A
5831,F
5832,A
5833,D
5834,F
5835,A
5836,I
5837,A
5838,F
5839,K
5840,K
5841,I
5842,A
5843,A
5844,A
5845,E
5846,A
5847,G
5848,F
5849,I
5850,A
5851,A
5852,G
5853,A
5854,F
5855,H
5856,A
5857,H
5858,K
5859,E
5860,A
5861,L
5862,H
5863,A
5864,K
5865,F
5866,A
5867,A
5868,A
5869,A
5870,F
5871,I
5872,E
5873,A
5874,A
5875,A
5876,G
5877,E
5878,A
5879,E
5880,H
5881,E
5882,L
5883,E
5884,L
5885,A
5886,I
5887,K
5888,I
5889,F
5890,A
5891,F
5892,D
5893,F
5894,A
5895,A
5896,F
5897,E
5898,A
5899,A
5900,E
5901,E
5902,I
5903,A
5904,G
5905,A
5906,A
5907,I
5908,F
5909,F
5910,F
5911,A
5912,F
5913,H
5914,A
5915,E
5916,A
5917,K
5918,A
5919,A
5920,I
5921,E
5922,A
5923,F
5924,E
5925,A
5926,I
5927,A
5928,A
5929,A
5930,A
5931,A
5932,A
5933,F
5934,E
5935,A
5936,I
5937,G
5938,F
5939,A
5940,A
5941,A
5942,H
5943,A
5944,A
5945,A
5946,A
5947,D
5948,A
5949,K
5950,A
5951,C
5952,F
5953,G
5954,A
5955,L
5956,A
5957,A
5958,I
5959,C
5960,I
5961,H
5962,A
5963,H
5964,E
5965,F
5966,I
5967,A
5968,E
5969,F
5970,D
5971,E
5972,F
5973,A
5974,K
5975,A
5976,F
5977,A
5978,F
5979,F
5980,H
5981,F
5982,F
5983,E
5984,A
5985,F
5986,F
5987,A
5988,I
5989,A
5990,A
5991,A
5992,I
5993,F
5994,F
5995,K
5996,E
5997,F
5998,A
5999,F
6000,A
6001,K
6002,I
6003,A
6004,A
6005,D
6006,F
6007,E
6008,A
6009,A
6010,E
6011,I
6012,A
6013,A
6014,K
6015,K
6016,G
6017,A
6018,L
6019,A
6020,A
6021,A
6022,A
6023,E
6024,A
6025,F
6026,E
6027,A
6028,A
6029,A
6030,I
6031,F
6032,F
6033,D
6034,A
6035,A
6036,A
6037,E
6038,F
6039,L
6040,I
6041,A
6042,I
6043,A
6044,F
6045,A
6046,A
6047,G
6048,A
6049,G
6050,G
6051,A
6052,G
6053,A
6054,A
6055,I
6056,A
6057,A
6058,H
6059,I
6060,F
6061,A
6062,I
6063,A
6064,K
6065,A
6066,A
6067,F
6068,A
6069,A
6070,A
6071,A
6072,F
6073,A
6074,A
6075,F
6076,H
6077,A
6078,A
6079,A
6080,A
6081,A
6082,F
6083,E
6084,A
6085,E
6086,E
6087,E
6088,K
6089,A
6090,F
6091,F
6092,A
6093,A
6094,G
6095,A
6096,A
6097,F
6098,K
6099,E
6100,A
6101,F
6102,A
6103,F
6104,I
6105,E
6106,I
6107,H
6108,F
6109,H
6110,A
6111,I
6112,H
6113,A
6114,E
6115,A
6116,E
6117,F
6118,A
6119,A
6120,E
6121,H
6122,A
6123,I
6124,K
6125,A
6126,I
6127,E
6128,E
6129,L
6130,A
6131,A
6132,F
6133,H
6134,D
6135,F
6136,A
6137,H
6138,I
6139,A
6140,A
6141,A
6142,A
6143,I
6144,E
6145,E
6146,A
6147,J
6148,A
6149,A
6150,A
6151,A
6152,A
6153,E
6154,I
6155,A
6156,D
6157,A
6158,A
6159,A
6160,G
6161,E
6162,A
6163,F
6164,I
6165,I
6166,A
6167,A
6168,A
6169,F
6170,A
6171,A
6172,A
6173,F
6174,F
6175,F
6176,H
6177,F
6178,A
6179,F
6180,C
6181,F
6182,A
6183,I
6184,A
6185,G
6186,A
6187,F
6188,F
6189,H
6190,A
6191,L
6192,I
6193,L
6194,F
6195,A
6196,A
6197,A
6198,A
6199,G
6200,A
6201,E
6202,A
6203,H
6204,A
6205,A
6206,A
6207,A
6208,K
6209,I
6210,D
6211,A
6212,A
6213,H
6214,K
6215,I
6216,A
6217,A
6218,A
6219,F
6220,A
6221,G
6222,F
6223,A
6224,F
6225,A
6226,H
6227,F
6228,A
6229,F
6230,A
6231,A
6232,F
6233,A
6234,E
6235,H
6236,A
6237,E
6238,F
6239,F
6240,F
6241,A
6242,A
6243,H
6244,H
6245,A
6246,F
6247,I
6248,A
6249,A
6250,E
6251,A
6252,F
6253,D
6254,A
6255,A
6256,F
6257,F
6258,G
6259,A
6260,A
6261,F
6262,A
6263,A
6264,A
6265,A
6266,E
6267,L
6268,A
6269,A
6270,E
6271,I
6272,E
6273,A
6274,D
6275,F
6276,F
6277,A
6278,K
6279,H
6280,F
6281,K
6282,F
6283,E
6284,A
6285,E
6286,F
6287,F
6288,F
6289,I
6290,F
6291,A
6292,I
6293,F
6294,A
6295,J
6296,A
6297,F
6298,F
6299,A
6300,F
6301,C
6302,A
6303,F
6304,A
6305,A
6306,A
6307,A
6308,K
6309,E
6310,K
6311,F
6312,F
6313,C
6314,A
6315,F
6316,F
6317,A
6318,E
6319,A
6320,I
6321,D
6322,A
6323,A
6324,A
6325,F
6326,F
6327,L
6328,A
6329,F
6330,A
6331,A
6332,I
6333,I
6334,F
6335,F
6336,A
6337,F
6338,A
6339,A
6340,E
6341,A
6342,A
6343,A
6344,D
6345,A
6346,A
6347,A
6348,I
6349,A
6350,F
6351,H
6352,A
6353,I
6354,C
6355,A
6356,G
6357,A
6358,I
6359,A
6360,A
6361,L
6362,A
6363,I
6364,E
6365,I
6366,I
6367,H
6368,I
6369,F
6370,F
6371,L
6372,A
6373,A
6374,G
6375,E
6376,A
6377,F
6378,A
6379,F
6380,I
6381,G
6382,E
6383,A
6384,A
6385,F
6386,F
6387,A
6388,F
6389,E
6390,H
6391,A
6392,A
6393,A
6394,E
6395,H
6396,A
6397,A
6398,L
6399,F
6400,F
6401,D
6402,D
6403,A
6404,F
6405,E
6406,A
6407,K
6408,A
6409,A
6410,A
6411,E
6412,F
6413,F
6414,F
6415,A
6416,K
6417,H
6418,A
6419,I
6420,I
6421,A
6422,A
6423,E
6424,I
6425,A
6426,A
6427,C
6428,A
6429,E
6430,A
6431,A
6432,H
6433,A
6434,F
6435,A
6436,A
6437,A
6438,D
6439,G
6440,F
6441,F
6442,I
6443,F
6444,A
6445,E
6446,A
6447,H
6448,A
6449,A
6450,A
6451,A
6452,D
6453,A
6454,F
6455,A
6456,E
6457,E
6458,F
6459,A
6460,A
6461,A
6462,L
6463,A
6464,H
6465,A
6466,E
6467,A
6468,A
6469,F
6470,A
6471,D
6472,H
6473,F
6474,F
6475,E
6476,F
6477,A
6478,F
6479,G
6480,A
6481,D
6482,K
6483,K
6484,I
6485,H
6486,A
6487,I
6488,F
6489,A
6490,F
6491,K
6492,I
6493,A
6494,A
6495,F
6496,I
6497,D
6498,A
6499,A
6500,A
6501,A
6502,A
6503,L
6504,F
6505,A
6506,A
6507,A
6508,E
6509,A
6510,F
6511,F
6512,A
6513,G
6514,E
6515,F
6516,H
6517,G
6518,K
6519,A
6520,F
6521,A
6522,D
6523,K
6524,G
6525,E
6526,I
6527,F
6528,E
6529,A
6530,A
6531,L
6532,G
6533,I
6534,E
6535,E
6536,A
6537,E
6538,E
6539,A
6540,C
6541,I
6542,E
6543,F
6544,I
6545,F
6546,E
6547,F
6548,A
6549,G
6550,F
6551,I
6552,F
6553,A
6554,E
6555,E
6556,A
6557,F
6558,K
6559,A
6560,F
6561,I
6562,A
6563,L
6564,K
6565,A
6566,L
6567,H
6568,A
6569,K
6570,A
6571,H
6572,K
6573,H
6574,H
6575,E
6576,F
6577,A
6578,A
6579,A
6580,A
6581,F
6582,E
6583,A
6584,I
6585,A
6586,A
6587,I
6588,A
6589,F
6590,A
6591,I
6592,I
6593,F
6594,A
6595,A
6596,F
6597,E
6598,E
6599,E
6600,A
6601,A
6602,A
6603,A
6604,A
6605,F
6606,I
6607,F
6608,A
6609,F
6610,F
6611,F
6612,F
6613,F
6614,I
6615,A
6616,F
6617,E
6618,A
6619,E
6620,A
6621,I
6622,I
6623,E
6624,F
6625,A
6626,H
6627,E
6628,A
6629,A
6630,K
6631,L
6632,I
6633,I
6634,K
6635,F
6636,F
6637,A
6638,F
6639,K
6640,K
6641,F
6642,A
6643,I
6644,G
6645,F
6646,A
6647,A
6648,K
6649,K
6650,G
6651,A
6652,K
6653,F
6654,E
6655,I
6656,I
6657,A
6658,I
6659,I
6660,I
6661,G
6662,A
6663,K
6664,I
6665,A
6666,A
6667,A
6668,F
6669,F
6670,E
6671,E
6672,A
6673,D
6674,A
6675,A
6676,H
6677,A
6678,F
6679,E
6680,H
6681,E
6682,A
6683,A
6684,E
6685,I
6686,A
6687,H
6688,A
6689,D
6690,A
6691,L
6692,A
6693,I
6694,F
6695,A
6696,L
6697,A
6698,A
6699,A
6700,E
6701,K
6702,F
6703,F
6704,E
6705,A
6706,E
6707,A
6708,A
6709,I
6710,A
6711,F
6712,A
6713,E
6714,E
6715,H
6716,A
6717,A
6718,G
6719,K
6720,A
6721,J
6722,F
6723,A
6724,E
6725,F
6726,E
6727,F
6728,L
6729,G
6730,F
6731,A
6732,A
6733,D
6734,A
6735,A
6736,F
6737,H
6738,A
6739,A
6740,I
6741,H
6742,A
6743,A
6744,E
6745,F
6746,D
6747,A
6748,I
6749,A
6750,A
6751,A
6752,A
6753,F
6754,A
6755,F
6756,A
6757,A
6758,A
6759,A
6760,A
6761,A
6762,F
6763,A
6764,F
6765,A
6766,E
6767,F
6768,G
6769,G
6770,A
6771,A
6772,H
6773,A
6774,E
6775,D
6776,F
6777,I
6778,F
6779,A
6780,E
6781,A
6782,A
6783,A
6784,F
6785,I
6786,L
6787,A
6788,I
6789,F
6790,F
6791,G
6792,L
6793,K
6794,A
6795,A
6796,E
6797,I
6798,A
6799,F
6800,L
6801,I
6802,A
6803,A
6804,A
6805,K
6806,D
6807,F
6808,A
6809,E
6810,E
6811,F
6812,A
6813,A
6814,A
6815,H
6816,A
6817,G
6818,G
6819,D
6820,F
6821,A
6822,G
6823,D
6824,F
6825,A
6826,G
6827,A
6828,I
6829,A
6830,F
6831,F
6832,F
6833,I
6834,A
6835,A
6836,A
6837,A
6838,F
6839,A
6840,E
6841,A
6842,F
6843,A
6844,F
6845,A
6846,D
6847,A
6848,I
6849,F
6850,A
6851,E
6852,F
6853,I
6854,J
6855,E
6856,A
6857,A
6858,I
6859,F
6860,A
6861,E
6862,A
6863,A
6864,A
6865,I
6866,A
6867,F
6868,K
6869,D
6870,A
6871,J
6872,A
6873,D
6874,F
6875,F
6876,A
6877,E
6878,G
6879,F
6880,E
6881,F
6882,A
6883,H
6884,A
6885,G
6886,F
6887,D
6888,E
6889,A
6890,E
6891,A
6892,E
6893,G
6894,L
6895,A
6896,I
6897,I
6898,E
6899,F
6900,F
6901,A
6902,A
6903,F
6904,A
6905,A
6906,E
6907,G
6908,H
6909,A
6910,A
6911,F
6912,A
6913,F
6914,F
6915,A
6916,F
6917,G
6918,F
6919,E
6920,F
6921,A
6922,A
6923,A
6924,H
6925,A
6926,A
6927,D
6928,A
6929,A
6930,F
6931,H
6932,A
6933,A
6934,I
6935,A
6936,A
6937,A
6938,A
6939,A
6940,A
6941,G
6942,D
6943,F
6944,D
6945,G
6946,K
6947,F
6948,A
6949,F
6950,A
6951,A
6952,H
6953,A
6954,A
6955,I
6956,F
6957,A
6958,A
6959,A
6960,D
6961,A
6962,A
6963,A
6964,E
6965,F
6966,F
6967,E
6968,H
6969,D
6970,A
6971,A
6972,F
6973,I
6974,F
6975,E
6976,A
6977,A
6978,A
6979,L
6980,F
6981,E
6982,G
6983,H
6984,A
6985,A
6986,A
6987,A
6988,I
6989,A
6990,E
6991,F
6992,K
6993,A
6994,A
6995,A
6996,A
6997,F
6998,A
6999,A
7000,E
7001,K
7002,E
7003,A
7004,F
7005,I
7006,E
7007,H
7008,H
7009,H
7010,K
7011,F
7012,A
7013,A
7014,A
7015,F
7016,G
7017,A
7018,A
7019,A
7020,A
7021,F
7022,A
7023,A
7024,A
7025,A
7026,L
7027,A
7028,F
7029,A
7030,F
7031,K
7032,A
7033,A
7034,F
7035,E
7036,I
7037,E
7038,I
7039,A
7040,F
7041,I
7042,F
7043,F
7044,A
7045,L
7046,H
7047,F
7048,K
7049,A
7050,C
7051,H
7052,A
7053,F
7054,F
7055,I
7056,A
7057,E
7058,I
7059,L
7060,F
7061,F
7062,F
7063,A
7064,A
7065,A
7066,A
7067,G
7068,A
7069,A
7070,G
7071,H
7072,G
7073,K
7074,A
7075,A
7076,F
7077,A
7078,E
7079,A
7080,E
7081,E
7082,A
7083,H
7084,F
7085,A
7086,E
7087,F
7088,J
7089,A
7090,A
7091,H
7092,K
7093,E
7094,I
7095,H
7096,F
7097,I
7098,A
7099,D
7100,E
7101,F
7102,A
7103,H
7104,F
7105,H
7106,A
7107,H
7108,D
7109,A
7110,F
7111,A
7112,H
7113,A
7114,F
7115,F
7116,F
7117,A
7118,A
7119,A
7120,F
7121,A
7122,A
7123,A
7124,A
7125,E
7126,F
7127,F
7128,A
7129,A
7130,H
7131,D
7132,I
7133,A
7134,K
7135,F
7136,A
7137,A
7138,K
7139,A
7140,A
7141,G
7142,A
7143,K
7144,E
7145,A
7146,F
7147,A
7148,A
7149,A
7150,A
7151,F
7152,F
7153,A
7154,A
7155,A
7156,A
7157,F
7158,L
7159,F
7160,G
7161,A
7162,F
7163,E
7164,I
7165,F
7166,E
7167,I
7168,A
7169,E
7170,G
7171,H
7172,A
7173,A
7174,A
7175,K
7176,A
7177,D
7178,A
7179,I
7180,A
7181,A
7182,A
7183,I
7184,F
7185,A
7186,A
7187,I
7188,A
7189,A
7190,K
7191,A
7192,A
7193,A
7194,A
7195,C
7196,A
7197,F
7198,F
7199,E
7200,K
7201,H
7202,E
7203,I
7204,K
7205,E
7206,F
7207,A
7208,A
7209,G
7210,A
7211,F
7212,F
7213,F
7214,E
7215,A
7216,L
7217,H
7218,A
7219,I
7220,F
7221,A
7222,L
7223,H
7224,H
7225,F
7226,A
7227,K
7228,A
7229,A
7230,A
7231,A
7232,K
7233,I
7234,A
7235,E
7236,A
7237,A
7238,A
7239,K
7240,C
7241,A
7242,A
7243,L
7244,F
7245,A
7246,H
7247,I
7248,F
7249,F
7250,F
7251,A
7252,A
7253,H
7254,F
7255,C
7256,A
7257,A
7258,A
7259,I
7260,F
7261,A
7262,E
7263,D
7264,C
7265,L
7266,A
7267,F
7268,A
7269,F
7270,D
7271,K
7272,A
7273,E
7274,A
7275,F
7276,F
7277,E
7278,E
7279,G
7280,F
7281,F
7282,F
7283,F
7284,G
7285,L
7286,A
7287,E
7288,A
7289,E
7290,A
7291,A
7292,I
7293,H
7294,A
7295,F
7296,F
7297,A
7298,H
7299,K
7300,A
7301,K
7302,I
7303,H
7304,A
7305,I
7306,I
7307,H
7308,F
7309,A
7310,A
7311,F
7312,A
7313,K
7314,A
7315,K
7316,K
7317,L
7318,K
7319,E
7320,D
7321,I
7322,A
7323,E
7324,A
7325,A
7326,E
7327,D
7328,A
7329,A
7330,E
7331,F
7332,F
7333,F
7334,A
7335,H
7336,A
7337,A
7338,F
7339,A
7340,F
7341,I
7342,A
7343,K
7344,F
7345,A
7346,A
7347,L
7348,F
7349,F
7350,F
7351,K
7352,F
7353,F
7354,A
7355,E
7356,F
7357,E
7358,F
7359,A
7360,I
7361,A
7362,D
7363,A
7364,A
7365,F
7366,F
7367,A
7368,E
7369,F
7370,F
7371,A
7372,A
7373,I
7374,E
7375,A
7376,H
7377,A
7378,A
7379,F
7380,E
7381,A
7382,F
7383,A
7384,A
7385,A
7386,A
7387,A
7388,A
7389,F
7390,K
7391,I
7392,L
7393,E
7394,H
7395,H
7396,A
7397,E
7398,E
7399,F
7400,F
7401,A
7402,I
7403,A
7404,E
7405,A
7406,A
7407,A
7408,E
7409,F
7410,I
7411,I
7412,I
7413,A
7414,A
7415,A
7416,H
7417,L
7418,F
7419,F
7420,H
7421,G
7422,F
7423,D
7424,A
7425,A
7426,A
7427,E
7428,F
7429,I
7430,A
7431,A
7432,D
7433,G
7434,A
7435,A
7436,A
7437,A
7438,F
7439,I
7440,A
7441,F
7442,A
7443,I
7444,L
7445,E
7446,A
7447,A
7448,F
7449,A
7450,I
7451,G
7452,K
7453,F
7454,F
7455,F
7456,F
7457,A
7458,F
7459,E
7460,A
7461,F
7462,I
7463,F
7464,A
7465,F
7466,G
7467,A
7468,A
7469,K
7470,E
7471,E
7472,A
7473,I
7474,F
7475,F
7476,L
7477,H
7478,K
7479,A
7480,E
7481,E
7482,H
7483,G
7484,A
7485,A
7486,A
7487,L
7488,G
7489,E
7490,E
7491,H
7492,A
7493,F
7494,E
7495,D
7496,F
7497,A
7498,F
7499,I
7500,L
7501,F
7502,A
7503,H
7504,E
7505,A
7506,A
7507,H
7508,I
7509,K
7510,A
7511,E
7512,A
7513,A
7514,A
7515,F
7516,F
7517,A
7518,F
7519,K
7520,A
7521,G
7522,K
7523,A
7524,H
7525,I
7526,K
7527,A
7528,A
7529,H
7530,A
7531,F
7532,D
7533,A
7534,E
7535,A
7536,G
7537,H
7538,I
7539,G
7540,A
7541,A
7542,F
7543,E
7544,G
7545,F
7546,A
7547,A
7548,A
7549,L
7550,A
7551,A
7552,A
7553,F
7554,A
7555,A
7556,A
7557,A
7558,A
7559,E
7560,F
7561,I
7562,F
7563,A
7564,F
7565,I
7566,A
7567,H
7568,G
7569,K
7570,F
7571,H
7572,K
7573,F
7574,A
7575,A
7576,A
7577,E
7578,K
7579,A
7580,F
7581,E
7582,I
7583,A
7584,I
7585,A
7586,L
7587,A
7588,A
7589,A
7590,F
7591,K
7592,A
7593,A
7594,E
7595,A
7596,L
7597,A
7598,A
7599,A
7600,A
7601,A
7602,A
7603,I
7604,A
7605,F
7606,F
7607,A
7608,A
7609,A
7610,A
7611,E
7612,A
7613,A
7614,A
7615,K
7616,E
7617,F
7618,A
7619,A
7620,G
7621,A
7622,E
7623,A
7624,F
7625,A
7626,D
7627,F
7628,H
7629,I
7630,A
7631,I
7632,I
7633,F
7634,K
7635,F
7636,A
7637,A
7638,F
7639,E
7640,A
7641,A
7642,A
7643,A
7644,F
7645,I
7646,A
7647,A
7648,A
7649,H
7650,A
7651,A
7652,F
7653,A
7654,K
7655,K
7656,A
7657,K
7658,F
7659,F
7660,A
7661,A
7662,G
7663,A
7664,A
7665,A
7666,A
7667,A
7668,E
7669,F
7670,G
7671,H
7672,L
7673,F
7674,F
7675,K
7676,F
7677,F
7678,A
7679,F
7680,E
7681,I
7682,A
7683,A
7684,K
7685,A
7686,K
7687,F
7688,F
7689,I
7690,A
7691,L
7692,E
7693,F
7694,K
7695,A
7696,F
7697,F
7698,I
7699,A
7700,D
7701,F
7702,A
7703,D
7704,A
7705,A
7706,A
7707,A
7708,A
7709,I
7710,A
7711,K
7712,F
7713,A
7714,A
7715,A
7716,E
7717,F
7718,A
7719,A
7720,A
7721,A
7722,F
7723,A
7724,K
7725,A
7726,A
7727,E
7728,F
7729,H
7730,F
7731,E
7732,A
7733,A
7734,I
7735,L
7736,A
7737,K
7738,A
7739,F
7740,A
7741,A
7742,A
7743,G
7744,A
7745,A
7746,E
7747,A
7748,K
7749,F
7750,F
7751,F
7752,A
7753,A
7754,H
7755,A
7756,A
7757,E
7758,E
7759,I
7760,G
7761,I
7762,A
7763,F
7764,F
7765,G
7766,A
7767,A
7768,E
7769,K
7770,K
7771,H
7772,A
7773,A
7774,A
7775,H
7776,H
7777,A
7778,F
7779,A
7780,A
7781,A
7782,I
7783,K
7784,A
7785,F
7786,A
7787,A
7788,F
7789,K
7790,I
7791,A
7792,F
7793,A
7794,A
7795,H
7796,A
7797,K
7798,F
7799,G
7800,A
7801,A
7802,E
7803,A
7804,A
7805,A
7806,G
7807,E
7808,F
7809,F
7810,D
7811,A
7812,A
7813,D
7814,A
7815,A
7816,A
7817,E
7818,C
7819,F
7820,F
7821,K
7822,I
7823,H
7824,I
7825,A
7826,A
7827,I
7828,E
7829,I
7830,A
7831,K
7832,A
7833,E
7834,E
7835,C
7836,I
7837,A
7838,G
7839,E
7840,I
7841,A
7842,H
7843,A
7844,G
7845,G
7846,D
7847,E
7848,E
7849,A
7850,F
7851,F
7852,I
7853,A
7854,F
7855,H
7856,F
7857,A
7858,A
7859,I
7860,F
7861,G
7862,A
7863,E
7864,F
7865,I
7866,G
7867,A
7868,E
7869,F
7870,H
7871,A
7872,A
7873,E
7874,A
7875,I
7876,A
7877,A
7878,K
7879,I
7880,E
7881,E
7882,A
7883,F
7884,A
7885,E
7886,A
7887,A
7888,A
7889,F
7890,G
7891,F
7892,F
7893,H
7894,A
7895,F
7896,F
7897,I
7898,A
7899,H
7900,F
7901,K
7902,F
7903,A
7904,F
7905,F
7906,A
7907,A
7908,G
7909,H
7910,A
7911,D
7912,A
7913,A
7914,F
7915,F
7916,F
7917,I
7918,D
7919,H
7920,F
7921,A
7922,F
7923,F
7924,F
7925,D
7926,F
7927,F
7928,A
7929,A
7930,G
7931,K
7932,K
7933,I
7934,F
7935,F
7936,G
7937,A
7938,K
7939,I
7940,I
7941,A
7942,A
7943,F
7944,A
7945,A
7946,G
7947,E
7948,A
7949,E
7950,F
7951,A
7952,A
7953,I
7954,A
7955,A
7956,H
7957,A
7958,D
7959,A
7960,A
7961,E
7962,H
7963,E
7964,E
7965,A
7966,F
7967,A
7968,H
7969,L
7970,A
7971,E
7972,A
7973,A
7974,F
7975,F
7976,A
7977,A
7978,A
7979,A
7980,A
7981,A
7982,G
7983,F
7984,F
7985,F
7986,E
7987,F
7988,F
7989,A
7990,A
7991,F
7992,A
7993,L
7994,A
7995,E
7996,A
7997,A
7998,A
7999,A
8000,F
8001,F
8002,E
8003,I
8004,A
8005,G
8006,F
8007,A
8008,A
8009,A
8010,A
8011,I
8012,F
8013,I
8014,A
8015,A
8016,A
8017,A
8018,A
8019,A
8020,G
8021,D
8022,G
8023,G
8024,H
8025,D
8026,F
8027,A
8028,H
8029,H
8030,I
8031,A
8032,F
8033,A
8034,A
8035,A
8036,I
8037,A
8038,A
8039,D
8040,A
8041,E
8042,E
8043,G
8044,I
8045,F
8046,A
8047,E
8048,I
8049,K
8050,I
8051,A
8052,E
8053,A
8054,A
8055,A
8056,F
8057,I
8058,E
8059,K
8060,A
8061,L
8062,K
8063,F
8064,L
8065,L
8066,E
8067,I
8068,A
8069,D
8070,A
8071,F
8072,I
8073,A
8074,A
8075,A
8076,L
8077,F
8078,G
8079,I
8080,F
8081,F
8082,A
8083,A
8084,A
8085,A
8086,H
8087,G
8088,A
8089,A
8090,A
8091,E
8092,F
8093,A
8094,E
8095,A
8096,F
8097,A
8098,L
8099,A
8100,C
8101,H
8102,A
8103,A
8104,A
8105,G
8106,F
8107,A
8108,A
8109,F
8110,F
8111,A
8112,A
8113,A
8114,G
8115,A
8116,I
8117,A
8118,E
8119,A
8120,A
8121,A
8122,H
8123,A
8124,F
8125,K
8126,A
8127,A
8128,F
8129,F
8130,G
8131,E
8132,A
8133,E
8134,A
8135,A
8136,F
8137,D
8138,E
8139,A
8140,J
8141,A
8142,A
8143,L
8144,K
8145,A
8146,E
8147,F
8148,D
8149,A
8150,F
8151,A
8152,F
8153,A
8154,F
8155,F
8156,F
8157,E
8158,G
8159,E
8160,I
8161,A
8162,A
8163,F
8164,F
8165,H
8166,E
8167,E
8168,A
8169,A
8170,E
8171,G
8172,F
8173,F
8174,A
8175,A
8176,A
8177,C
8178,I
8179,A
8180,F
8181,F
8182,A
8183,E
8184,I
8185,I
8186,L
8187,I
8188,L
8189,E
8190,E
8191,A
8192,H
8193,E
8194,I
8195,F
8196,A
8197,I
8198,E
8199,E
8200,A
8201,G
8202,A
8203,F
8204,I
8205,C
8206,H
8207,H
8208,I
8209,E
8210,F
8211,I
8212,F
8213,K
8214,K
8215,A
8216,A
8217,A
8218,A
8219,F
8220,A
8221,F
8222,A
8223,H
8224,A
8225,F
8226,E
8227,F
8228,J
8229,A
8230,A
8231,A
8232,F
8233,A
8234,E
8235,E
8236,A
8237,I
8238,F
8239,I
8240,I
8241,A
8242,G
8243,A
8244,F
8245,A
8246,F
8247,A
8248,A
8249,F
8250,F
8251,H
8252,F
8253,I
8254,K
8255,A
8256,A
8257,A
8258,F
8259,A
8260,A
8261,F
8262,I
8263,F
8264,F
8265,A
8266,A
8267,G
8268,A
8269,F
8270,E
8271,A
8272,A
8273,A
8274,A
8275,F
8276,A
8277,I
8278,H
8279,A
8280,F
8281,F
8282,A
8283,A
8284,F
8285,A
8286,A
8287,E
8288,A
8289,H
8290,G
8291,A
8292,A
8293,A
8294,E
8295,D
8296,K
8297,E
8298,F
8299,F
8300,F
8301,A
8302,E
8303,F
8304,K
8305,A
8306,E
8307,I
8308,A
8309,E
8310,A
8311,A
8312,F
8313,F
8314,L
8315,F
8316,E
8317,H
8318,F
8319,A
8320,F
8321,E
8322,A
8323,A
8324,I
8325,F
8326,I
8327,H
8328,E
8329,F
8330,H
8331,A
8332,A
8333,A
8334,A
8335,F
8336,A
8337,F
8338,I
8339,H
8340,A
8341,I
8342,A
8343,A
8344,A
8345,A
8346,E
8347,F
8348,A
8349,F
8350,A
8351,I
8352,A
8353,A
8354,G
8355,I
8356,F
8357,H
8358,A
8359,A
8360,E
8361,F
8362,A
8363,I
8364,F
8365,A
8366,F
8367,K
8368,L
8369,A
8370,H
8371,F
8372,K
8373,A
8374,F
8375,A
8376,H
8377,A
8378,A
8379,D
8380,A
8381,A
8382,K
8383,A
8384,A
8385,E
8386,F
8387,A
8388,A
8389,A
8390,F
8391,I
8392,A
8393,A
8394,A
8395,A
8396,F
8397,A
8398,D
8399,A
8400,A
8401,A
8402,A
8403,E
8404,A
8405,A
8406,D
8407,F
8408,H
8409,E
8410,E
8411,A
8412,A
8413,F
8414,A
8415,F
8416,A
8417,L
8418,L
8419,A
8420,A
8421,A
8422,A
8423,D
8424,A
8425,A
8426,L
8427,I
8428,A
8429,A
8430,E
8431,J
8432,A
8433,A
8434,A
8435,F
8436,E
8437,A
8438,A
8439,G
8440,A
8441,A
8442,F
8443,I
8444,E
8445,A
8446,H
8447,F
8448,K
8449,F
8450,F
8451,A
8452,A
8453,G
8454,E
8455,A
8456,I
8457,F
8458,E
8459,A
8460,F
8461,A
8462,A
8463,A
8464,A
8465,A
8466,F
8467,H
8468,E
8469,D
8470,A
8471,A
8472,F
8473,G
8474,E
8475,A
8476,A
8477,F
8478,E
8479,I
8480,A
8481,A
8482,A
8483,A
8484,A
8485,I
8486,G
8487,G
8488,D
8489,A
8490,J
8491,F
8492,A
8493,F
8494,K
8495,K
8496,K
8497,A
8498,F
8499,I
8500,E
8501,F
8502,E
8503,A
8504,I
8505,A
8506,A
8507,A
8508,K
8509,K
8510,A
8511,E
8512,I
8513,A
8514,A
8515,K
8516,K
8517,A
8518,I
8519,F
8520,A
8521,F
8522,F
8523,F
8524,A
8525,A
8526,F
8527,F
8528,F
8529,A
8530,F
8531,F
8532,F
8533,A
8534,F
8535,E
8536,F
8537,I
8538,E
8539,H
8540,F
8541,A
8542,A
8543,F
8544,F
8545,F
8546,A
8547,D
8548,H
8549,K
8550,I
8551,A
8552,A
8553,D
8554,A
8555,F
8556,A
8557,I
8558,E
8559,A
8560,F
8561,A
8562,A
8563,A
8564,A
8565,A
8566,A
8567,D
8568,A
8569,G
8570,D
8571,F
8572,E
8573,F
8574,A
8575,A
8576,K
8577,A
8578,A
8579,A
8580,E
8581,L
8582,E
8583,A
8584,I
8585,I
8586,L
8587,A
8588,I
8589,A
8590,A
8591,A
8592,A
8593,A
8594,E
8595,A
8596,E
8597,A
8598,A
8599,A
8600,K
8601,A
8602,A
8603,G
8604,K
8605,A
8606,F
8607,A
8608,A
8609,I
8610,A
8611,A
8612,F
8613,E
8614,G
8615,E
8616,D
8617,I
8618,I
8619,F
8620,A
8621,H
8622,F
8623,A
8624,A
8625,F
8626,A
8627,I
8628,F
8629,E
8630,A
8631,A
8632,L
8633,I
8634,A
8635,D
8636,L
8637,E
8638,H
8639,F
8640,H
8641,F
8642,A
8643,K
8644,F
8645,A
8646,A
8647,C
8648,A
8649,A
8650,A
8651,I
8652,A
8653,F
8654,A
8655,F
8656,A
8657,H
8658,E
8659,A
8660,A
8661,F
8662,I
8663,L
8664,I
8665,F
8666,A
8667,H
8668,A
8669,A
8670,A
8671,E
8672,E
8673,L
8674,F
8675,A
8676,A
8677,F
8678,H
8679,F
8680,A
8681,F
8682,A
8683,A
8684,E
8685,F
8686,A
8687,C
8688,A
8689,A
8690,H
8691,A
8692,A
8693,D
8694,F
8695,L
8696,A
8697,A
8698,A
8699,A
8700,A
8701,A
8702,A
8703,K
8704,A
8705,A
8706,A
8707,A
8708,A
8709,I
8710,F
8711,E
8712,A
8713,K
8714,I
8715,E
8716,H
8717,A
8718,I
8719,F
8720,J
8721,E
8722,F
8723,F
8724,F
8725,A
8726,A
8727,L
8728,H
8729,A
8730,E
8731,F
8732,H
8733,E
8734,A
8735,F
8736,F
8737,A
8738,F
8739,F
8740,A
8741,I
8742,F
8743,A
8744,A
8745,A
8746,L
8747,I
8748,A
8749,K
8750,F
8751,H
8752,I
8753,A
8754,F
8755,A
8756,A
8757,A
8758,A
8759,A
8760,F
8761,A
8762,F
8763,F
8764,K
8765,A
8766,A
8767,A
8768,A
8769,K
8770,E
8771,F
8772,I
8773,K
8774,D
8775,F
8776,A
8777,A
8778,F
8779,E
8780,A
8781,E
8782,A
8783,A
8784,A
8785,A
8786,A
8787,A
8788,A
8789,A
8790,K
8791,E
8792,I
8793,A
8794,A
8795,F
8796,H
8797,A
8798,E
8799,A
8800,F
8801,E
8802,E
8803,G
8804,A
8805,K
8806,D
8807,A
8808,A
8809,E
8810,F
8811,I
8812,L
8813,F
8814,E
8815,F
8816,A
8817,I
8818,A
8819,A
8820,A
8821,A
8822,A
8823,H
8824,A
8825,G
8826,A
8827,I
8828,K
8829,I
8830,I
8831,H
8832,I
8833,G
8834,H
8835,A
8836,F
8837,F
8838,I
8839,F
8840,F
8841,A
8842,I
8843,F
8844,A
8845,A
8846,E
8847,A
8848,F
8849,F
8850,A
8851,F
8852,A
8853,A
8854,A
8855,I
8856,I
8857,A
8858,F
8859,G
8860,E
8861,A
8862,A
8863,A
8864,E
8865,A
8866,L
8867,F
8868,A
8869,F
8870,A
8871,F
8872,G
8873,F
8874,A
8875,F
8876,A
8877,A
8878,A
8879,A
8880,A
8881,A
8882,A
8883,F
8884,E
8885,A
8886,A
8887,E
8888,A
8889,H
8890,D
8891,A
8892,G
8893,K
8894,A
8895,E
8896,A
8897,A
8898,F
8899,I
8900,I
8901,I
8902,I
8903,A
8904,F
8905,A
8906,A
8907,F
8908,F
8909,K
8910,C
8911,F
8912,A
8913,G
8914,A
8915,K
8916,F
8917,A
8918,H
8919,F
8920,E
8921,E
8922,E
8923,L
8924,A
8925,A
8926,F
8927,A
8928,F
8929,L
8930,E
8931,E
8932,G
8933,A
8934,A
8935,F
8936,L
8937,A
8938,F
8939,A
8940,I
8941,A
8942,A
8943,F
8944,D
8945,E
8946,A
8947,F
8948,F
8949,F
8950,H
8951,L
8952,G
8953,F
8954,F
8955,A
8956,F
8957,F
8958,A
8959,F
8960,A
8961,A
8962,I
8963,A
8964,H
8965,D
8966,D
8967,E
8968,H
8969,A
8970,E
8971,A
8972,F
8973,A
8974,F
8975,F
8976,E
8977,H
8978,G
8979,A
8980,A
8981,H
8982,A
8983,A
8984,F
8985,K
8986,A
8987,I
8988,E
8989,A
8990,A
8991,I
8992,A
8993,A
8994,A
8995,F
8996,K
8997,D
8998,A
8999,F
9000,K
9001,D
9002,A
9003,F
9004,K
9005,G
9006,E
9007,A
9008,K
9009,A
9010,F
9011,E
9012,F
9013,H
9014,A
9015,A
9016,D
9017,H
9018,F
9019,C
9020,H
9021,A
9022,A
9023,E
9024,K
9025,E
9026,I
9027,A
9028,A
9029,A
9030,A
9031,A
9032,F
9033,F
9034,F
9035,A
9036,L
9037,H
9038,A
9039,F
9040,L
9041,G
9042,A
9043,G
9044,D
9045,L
9046,A
9047,L
9048,A
9049,A
9050,G
9051,L
9052,F
9053,I
9054,G
9055,A
9056,I
9057,F
9058,E
9059,A
9060,A
9061,G
9062,A
9063,A
9064,A
9065,I
9066,K
9067,E
9068,F
9069,F
9070,D
9071,H
9072,A
9073,A
9074,A
9075,H
9076,A
9077,A
9078,A
9079,A
9080,I
9081,K
9082,A
9083,H
9084,A
9085,E
9086,A
9087,E
9088,F
9089,A
9090,F
9091,A
9092,A
9093,E
9094,H
9095,G
9096,E
9097,K
9098,A
9099,E
9100,I
9101,F
9102,A
9103,A
9104,A
9105,D
9106,F
9107,E
9108,I
9109,G
9110,F
9111,A
9112,I
9113,A
9114,F
9115,K
9116,A
9117,A
9118,A
9119,A
9120,F
9121,A
9122,A
9123,A
9124,A
9125,A
9126,A
9127,A
9128,A
9129,A
9130,A
9131,A
9132,A
9133,D
9134,A
9135,F
9136,F
9137,A
9138,K
9139,A
9140,G
9141,E
9142,A
9143,A
9144,A
9145,F
9146,A
9147,A
9148,A
9149,A
9150,G
9151,I
9152,C
9153,A
9154,F
9155,E
9156,I
9157,A
9158,F
9159,A
9160,H
9161,F
9162,A
9163,K
9164,A
9165,G
9166,A
9167,A
9168,D
9169,A
9170,A
9171,A
9172,D
9173,E
9174,F
9175,A
9176,F
9177,A
9178,F
9179,E
9180,A
9181,H
9182,J
9183,K
9184,F
9185,A
9186,A
9187,A
9188,F
9189,F
9190,I
9191,A
9192,A
9193,E
9194,L
9195,I
9196,A
9197,F
9198,F
9199,A
9200,H
9201,F
9202,K
9203,A
9204,A
9205,E
9206,A
9207,A
9208,A
9209,E
9210,A
9211,K
9212,E
9213,A
9214,A
9215,F
9216,K
9217,E
9218,H
9219,A
9220,A
9221,G
9222,A
9223,A
9224,A
9225,F
9226,E
9227,A
9228,A
9229,I
9230,I
9231,F
9232,F
9233,A
9234,A
9235,A
9236,H
9237,A
9238,A
9239,A
9240,F
9241,A
9242,F
9243,A
9244,A
9245,G
9246,E
9247,G
9248,A
9249,A
9250,A
9251,F
9252,A
9253,A
9254,A
9255,F
9256,C
9257,A
9258,I
9259,I
9260,F
9261,C
9262,F
9263,A
9264,A
9265,G
9266,A
9267,F
9268,D
9269,F
9270,A
9271,I
9272,E
9273,F
9274,A
9275,F
9276,G
9277,F
9278,F
9279,A
9280,I
9281,F
9282,F
9283,F
9284,F
9285,A
9286,D
9287,F
9288,A
9289,A
9290,C
9291,A
9292,A
9293,A
9294,A
9295,I
9296,A
9297,A
9298,H
9299,I
9300,G
9301,H
9302,E
9303,I
9304,D
9305,A
9306,L
9307,E
9308,K
9309,H
9310,A
9311,F
9312,A
9313,F
9314,A
9315,A
9316,A
9317,A
9318,A
9319,G
9320,G
9321,K
9322,A
9323,K
9324,A
9325,A
9326,F
9327,A
9328,A
9329,A
9330,H
9331,A
9332,G
9333,A
9334,F
9335,E
9336,A
9337,I
9338,A
9339,H
9340,I
9341,I
9342,K
9343,I
9344,E
9345,F
9346,A
9347,K
9348,F
9349,A
9350,A
9351,E
9352,A
9353,C
9354,G
9355,H
9356,C
9357,F
9358,E
9359,G
9360,A
9361,F
9362,A
9363,K
9364,C
9365,K
9366,A
9367,A
9368,I
9369,D
9370,F
9371,A
9372,A
9373,K
9374,A
9375,A
9376,A
9377,A
9378,I
9379,H
9380,F
9381,G
9382,F
9383,A
9384,F
9385,A
9386,A
9387,E
9388,A
9389,I
9390,A
9391,L
9392,A
9393,A
9394,G
9395,A
9396,A
9397,K
9398,F
9399,A
9400,F
9401,F
9402,A
9403,F
9404,A
9405,D
9406,A
9407,A
9408,F
9409,F
9410,F
9411,I
9412,E
9413,A
9414,H
9415,E
9416,A
9417,F
9418,F
9419,F
9420,A
9421,F
9422,I
9423,I
9424,A
9425,F
9426,G
9427,I
9428,A
9429,A
9430,A
9431,F
9432,A
9433,I
9434,K
9435,F
9436,A
9437,A
9438,F
9439,A
9440,A
9441,A
9442,A
9443,K
9444,A
9445,I
9446,F
9447,A
9448,I
9449,I
9450,F
9451,F
9452,A
9453,A
9454,A
9455,I
9456,L
9457,E
9458,F
9459,D
9460,A
9461,K
9462,A
9463,A
9464,H
9465,A
9466,F
9467,H
9468,A
9469,A
9470,A
9471,K
9472,G
9473,A
9474,G
9475,G
9476,C
9477,E
9478,I
9479,A
9480,A
9481,E
9482,E
9483,A
9484,K
9485,I
9486,F
9487,F
9488,A
9489,A
9490,A
9491,A
9492,F
9493,I
9494,H
9495,F
9496,F
9497,F
9498,A
9499,G
9500,I
9501,F
9502,A
9503,H
9504,K
9505,A
9506,I
9507,F
9508,H
9509,D
9510,A
9511,L
9512,A
9513,I
9514,F
9515,F
9516,K
9517,G
9518,A
9519,F
9520,D
9521,K
9522,F
9523,H
9524,A
9525,F
9526,G
9527,H
9528,F
9529,F
9530,C
9531,G
9532,A
9533,H
9534,A
9535,A
9536,I
9537,G
9538,A
9539,A
9540,E
9541,F
9542,F
9543,F
9544,L
9545,A
9546,A
9547,E
9548,A
9549,E
9550,K
9551,E
9552,G
9553,K
9554,A
9555,A
9556,L
9557,A
9558,E
9559,F
9560,A
9561,J
9562,H
9563,I
9564,A
9565,E
9566,A
9567,I
9568,F
9569,D
9570,C
9571,A
9572,G
9573,C
9574,F
9575,A
9576,H
9577,L
9578,E
9579,F
9580,A
9581,A
9582,F
9583,A
9584,A
9585,F
9586,H
9587,G
9588,A
9589,F
9590,A
9591,F
9592,A
9593,E
9594,F
9595,F
9596,I
9597,C
9598,E
9599,F
9600,F
9601,F
9602,A
9603,A
9604,A
9605,A
9606,A
9607,H
9608,A
9609,A
9610,L
9611,A
9612,A
9613,H
9614,E
9615,A
9616,A
9617,A
9618,A
9619,A
9620,F
9621,I
9622,A
9623,I
9624,F
9625,D
9626,L
9627,A
9628,E
9629,A
9630,F
9631,F
9632,K
9633,I
9634,K
9635,I
9636,F
9637,I
9638,L
9639,E
9640,A
9641,I
9642,A
9643,E
9644,A
9645,A
9646,A
9647,H
9648,A
9649,H
9650,L
9651,A
9652,D
9653,G
9654,A
9655,A
9656,A
9657,E
9658,E
9659,C
9660,F
9661,H
9662,A
9663,A
9664,F
9665,K
9666,E
9667,A
9668,A
9669,A
9670,I
9671,A
9672,A
9673,I
9674,E
9675,A
9676,F
9677,K
9678,A
9679,A
9680,A
9681,F
9682,C
9683,C
9684,K
9685,A
9686,F
9687,A
9688,L
9689,A
9690,G
9691,A
9692,A
9693,A
9694,E
9695,A
9696,A
9697,A
9698,A
9699,F
9700,A
9701,A
9702,E
9703,A
9704,A
9705,A
9706,A
9707,A
9708,I
9709,A
9710,G
9711,A
9712,E
9713,E
9714,A
9715,G
9716,A
9717,I
9718,E
9719,C
9720,I
9721,D
9722,I
9723,K
9724,A
9725,G
9726,K
9727,A
9728,A
9729,F
9730,F
9731,A
9732,A
9733,A
9734,F
9735,A
9736,A
9737,A
9738,I
9739,K
9740,D
9741,F
9742,F
9743,A
9744,A
9745,G
9746,A
9747,F
9748,F
9749,I
9750,D
9751,F
9752,A
9753,F
9754,A
9755,C
9756,F
9757,A
9758,A
9759,D
9760,A
9761,A
9762,A
9763,G
9764,H
9765,A
9766,A
9767,A
9768,A
9769,E
9770,E
9771,A
9772,A
9773,F
9774,A
9775,F
9776,G
9777,H
9778,A
9779,K
9780,A
9781,A
9782,E
9783,K
9784,A
9785,K
9786,A
9787,A
9788,F
9789,F
9790,K
9791,F
9792,A
9793,E
9794,F
9795,A
9796,A
9797,A
9798,A
9799,K
9800,A
9801,A
9802,I
9803,A
9804,E
9805,A
9806,I
9807,A
9808,C
9809,H
9810,I
9811,A
9812,A
9813,A
9814,E
9815,A
9816,A
9817,A
9818,A
9819,A
9820,A
9821,K
9822,A
9823,A
9824,F
9825,A
9826,L
9827,F
9828,H
9829,A
9830,D
9831,A
9832,F
9833,L
9834,A
9835,A
9836,A
9837,A
9838,K
9839,F
9840,I
9841,G
9842,G
9843,F
9844,I
9845,I
9846,F
9847,E
9848,A
9849,F
9850,A
9851,F
9852,E
9853,I
9854,H
9855,F
9856,A
9857,E
9858,A
9859,A
9860,F
9861,J
9862,F
9863,A
9864,A
9865,H
9866,F
9867,H
9868,A
9869,C
9870,A
9871,I
9872,A
9873,K
9874,G
9875,F
9876,E
9877,A
9878,I
9879,F
9880,A
9881,G
9882,A
9883,E
9884,D
9885,E
9886,H
9887,A
9888,A
9889,F
9890,A
9891,K
9892,A
9893,A
9894,F
9895,G
9896,F
9897,A
9898,A
9899,K
9900,A
9901,E
9902,E
9903,G
9904,J
9905,G
9906,A
9907,H
9908,A
9909,E
9910,A
9911,E
9912,E
9913,H
9914,F
9915,F
9916,F
9917,K
9918,F
9919,E
9920,A
9921,A
9922,A
9923,A
9924,A
9925,A
9926,A
9927,I
9928,A
9929,A
9930,I
9931,A
9932,H
9933,A
9934,F
9935,G
9936,L
9937,A
9938,I
9939,H
9940,A
9941,A
9942,A
9943,K
9944,F
9945,I
9946,A
9947,A
9948,E
9949,K
9950,A
9951,A
9952,F
9953,F
9954,E
9955,A
9956,A
9957,A
9958,A
9959,A
9960,D
9961,A
9962,F
9963,A
9964,G
9965,A
9966,E
9967,A
9968,A
9969,E
9970,A
9971,A
9972,F
9973,F
9974,A
9975,F
9976,F
9977,A
9978,F
9979,F
9980,F
9981,E
9982,A
9983,A
9984,F
9985,F
9986,H
9987,F
9988,G
9989,D
9990,A
9991,E
9992,A
9993,A
9994,F
9995,A
9996,F
9997,A
9998,H
9999,A
10000,A
10001,A
10002,F
10003,I
10004,A
10005,F
10006,I
10007,A
10008,A
10009,K
10010,F
10011,E
10012,K
10013,A
10014,D
10015,E
10016,A
10017,F
10018,E
10019,A
10020,A
10021,J
10022,I
10023,A
10024,E
10025,A
10026,H
10027,K
10028,A
10029,A
10030,F
10031,K
10032,A
10033,E
10034,E
10035,A
10036,F
10037,G
10038,A
10039,C
10040,A
10041,F
10042,E
10043,A
10044,A
10045,A
10046,A
10047,I
10048,E
10049,A
10050,A
10051,A
10052,H
10053,A
10054,K
10055,A
10056,F
10057,F
10058,I
10059,A
10060,A
10061,I
10062,E
10063,J
10064,G
10065,I
10066,G
10067,D
10068,F
10069,E
10070,F
10071,A
10072,K
10073,A
10074,A
10075,A
10076,A
10077,A
10078,F
10079,G
10080,F
10081,A
10082,K
10083,H
10084,A
10085,F
10086,H
10087,A
10088,D
10089,A
10090,J
10091,F
10092,A
10093,I
10094,A
10095,A
10096,C
10097,H
10098,A
10099,A
10100,G
10101,D
10102,H
10103,F
10104,A
10105,F
10106,F
10107,F
10108,A
10109,A
10110,A
10111,I
10112,E
10113,A
10114,E
10115,A
10116,E
10117,A
10118,A
10119,E
10120,A
10121,H
10122,A
10123,G
10124,A
10125,I
10126,E
10127,A
10128,F
10129,A
10130,A
10131,I
10132,E
10133,A
10134,A
10135,A
10136,K
10137,A
10138,A
10139,F
10140,F
10141,A
10142,A
10143,I
10144,A
10145,A
10146,F
10147,A
10148,A
10149,E
10150,E
10151,A
10152,K
10153,K
10154,H
10155,F
10156,H
10157,A
10158,F
10159,I
10160,A
10161,A
10162,G
10163,A
10164,A
10165,A
10166,H
10167,F
10168,I
10169,A
10170,A
10171,G
10172,A
10173,A
10174,F
10175,D
10176,I
10177,A
10178,F
10179,F
10180,A
10181,A
10182,A
10183,I
10184,A
10185,A
10186,A
10187,I
10188,A
10189,A
10190,G
10191,D
10192,A
10193,H
10194,F
10195,E
10196,E
10197,A
10198,A
10199,A
10200,A
10201,F
10202,H
10203,H
10204,A
10205,F
10206,A
10207,A
10208,A
10209,F
10210,A
10211,F
10212,F
10213,A
10214,C
10215,A
10216,A
10217,A
10218,E
10219,E
10220,G
10221,A
10222,F
10223,F
10224,A
10225,A
10226,F
10227,I
10228,A
10229,A
10230,A
10231,F
10232,A
10233,A
10234,K
10235,E
10236,F
10237,E
10238,F
10239,L
10240,A
10241,A
10242,F
10243,A
10244,A
10245,H
10246,A
10247,A
10248,D
10249,A
10250,A
10251,A
10252,H
10253,I
10254,A
10255,A
10256,E
10257,F
10258,A
10259,A
10260,F
10261,A
10262,F
10263,A
10264,A
10265,H
10266,F
10267,A
10268,D
10269,G
10270,A
10271,H
10272,A
10273,F
10274,D
10275,I
10276,F
10277,E
10278,A
10279,F
10280,A
10281,A
10282,I
10283,E
10284,A
10285,I
10286,A
10287,K
10288,A
10289,H
10290,A
10291,F
10292,E
10293,A
10294,A
10295,I
10296,F
10297,A
10298,A
10299,A
10300,A
10301,K
10302,F
10303,A
10304,F
10305,A
10306,A
10307,G
10308,A
10309,A
10310,F
10311,F
10312,A
10313,A
10314,A
10315,A
10316,A
10317,A
10318,D
10319,F
10320,A
10321,E
10322,G
10323,A
10324,A
10325,A
10326,A
10327,E
10328,A
10329,F
10330,E
10331,H
10332,F
10333,A
10334,F
10335,A
10336,H
10337,A
10338,A
10339,A
10340,A
10341,F
10342,F
10343,D
10344,F
10345,A
10346,I
10347,I
10348,I
10349,L
10350,A
10351,A
10352,I
10353,A
10354,A
10355,A
10356,K
10357,A
10358,F
10359,K
10360,A
10361,A
10362,F
10363,F
10364,F
10365,D
10366,D
10367,G
10368,I
10369,A
10370,A
10371,K
10372,E
10373,A
10374,K
10375,E
10376,F
10377,C
10378,F
10379,F
10380,A
10381,A
10382,I
10383,E
10384,A
10385,A
10386,K
10387,A
10388,A
10389,A
10390,A
10391,F
10392,A
10393,A
10394,K
10395,G
10396,G
10397,A
10398,F
10399,G
10400,E
10401,A
10402,A
10403,A
10404,F
10405,A
10406,F
10407,A
10408,I
10409,L
10410,E
10411,A
10412,A
10413,G
10414,A
10415,A
10416,H
10417,G
10418,A
10419,F
10420,A
10421,G
10422,A
10423,L
10424,L
10425,A
10426,A
10427,F
10428,A
10429,E
10430,I
10431,I
10432,E
10433,K
